KODE OBAT;NAMA OBAT;KODE KATEGORI;BENTUK/KEKUATAN/KEMASAN;JUMLAH;SATUAN;HET SATUAN;HET PACK;
0001;Fentanil ;001;inj i.m/i.v 0,05 mg/mI (sebagal sitrat), ktk 5 amp @ 10 ml;5;ampul;72500;362500;
0002;Kodein  ;001;tab 10mg, btl 1000 tab;1000;tab;429,954;429954;
0003;Kodein  ;001;tab 10mg, btl 250 tab ;250;tab;485,552;121388;
0004;Kodein  ;001;tab 15 mg, btl 250 tab ;250;tab;827,252;206813;
0005;Kodein  ;001;tab 20 mg (fosfat), btl 250 tab  ;250;tab;1080,5;270125;
0006;Kodein  ;001;tab 30 mg (fosfat), btl 20 tab ;20;tab;412,5;8250;
0007;Morfin ;001;inj.i.m/s.k / i.v 10 mg/mI(HCI /sulfat), ktk 10 amp @ 1 ml;10;amp;14291,9;142919;
0008;Morfin ;001;tab 10 mg (HCI /sulfat), btl 30 tab ;30;tab;1688,366667;50651;
0009;Petidin ;001;inj i.m/s.k/i.v lambat 50 mg/ml(HCI),  ktk 10 amp @ 2 ml;10;amp;16789,1;167891;
0010;Sufentanyl;001;ktk 5 mcg/ml 10 ml @ 5 amp;5;amp;135000;675000;
0011;Asam asetilsalisilat (asetosal) ;002;tab 100 mg, ktk 10 bls @ 10 tab ;100;tab;123,2;12320;
0012;Asam asetilsalisilat (asetosal) ;002;tab 500 mg, ktk 10 bls @ 10 tab ;100;tab;200,2;20020;
0013;Asam mefenamat ;002;kaps 250 mg, ktk 10 str @ 10 kaps  ;100;kaps;154;15400;
0014;Asam mefenamat ;002;tab salut selaput 500 mg, ktk 10 str @ 10 kaplet;100;tab;217;21700;
0015;Fenilbutason ;002;tab salut 200 mg, btl 100 tab ;100;tab;85;8500;
0016;Fenilbutason ;002;tab salut 200 mg btl 1000 tab ;1000;tab;113,4;113400;
0017;Ibuprofen;002;tab 200 mg btl 100 tab  ;100;tab;147;14700;
0018;Ibuprofen;002;tab 400 mg, ktk/btl 100 tab  ;100;tab;2522;252200;
0019;Ibuprofen;002;susp 100 mg/5ml, botol 60 ml;1;btl;4900;4900;
0020;Ibuprofen;002;susp 200 mg/5ml, botol 60 ml;1;btl;6300;6300;
0021;Indometasin ;002;kaps 25 mg, ktk 10 str @10 kapsul  ;100;kaps;55,45;5545;
0022;Kalium Diklofenak ;002;tab 25 mg, ktk 5 str @ 10 tab  ;50;tab;547,18;27359;
0023;Kalium Diklofenak ;002;tab 50 mg, ktk 5 str @10 tab  ;50;tab;991,22;49561;
0024;Ketoprofen ;002;tab 100 mg,ktk 10 str@ 10 tab ;100;tab;1890;189000;
0025;Ketoprofen ;002;inj. 100 mg, ktk 6 amp @1 ml  ;6;amp;7910;47460;
0026;Ketoprofen ;002;supp 100 mg, ktk 10 supp;10;supp;13000;130000;
0027;Ketorolac ;002;inj 10 mg ktk 6 amp @ 1 ml ;6;amp;12474;74844;
0028;Ketorolac ;002;inj 30 mg, ktk 6 amp @ 1 ml  ;6;amp;18711;112266;
0029;Meloxicam ;002;tab 7,5 mg, ktk 5 str @ 10 tab  ;50;tab;1139,6;56980;
0030;Meloxicam ;002;tab 15 mg, ktk 5 str @ 10 tab ;50;tab;1678,6;83930;
0031;Meloxicam ;002;supp. 100 mg, ktk 10 supp  ;10;supp;9240;92400;
0032;Metampiron ;002;tab 500 mg, btl 1000 tab  ;1000;tab;112;112000;
0033;Metampiron ;002;tab 500 mg ktk 10 str @ 10 tab ;100;tab;191,8;19180;
0034;Metampiron ;002;inj i.m 250 mg/mI, ktk 5 amp @ 2 ml ;5;amp;11000;55000;
0035;Natrium diklofenak ;002;tab 25mg, ktk 5 str @ 10 tab  ;50;tab;234,76;11738;
0036;Natrium diklofenak ;002;tab 25 mg, ktk 10 str @ 10 tab  ;100;tab;108,75;10875;
0037;Natrium diklofenak ;002;tab 50 mg, ktk 5 str @ 10 tab  ;50;tab;304,76;15238;
0038;Natrium diklofenak ;002;tab 50 mg, ktk 10 str @ 10 tab  ;100;tab;143,75;14375;
0039;Parasetamol ;002;tab 100 mg, btl 100 tab ;100;tab;53,2;5320;
0040;Parasetamol ;002;tab 500 mg, btl 1000 tab ;1000;tab;70;70000;
0041;Parasetamol ;002;tab 500 mg, ktk 10 str @ 10 tab ;100;tab;147;14700;
0042;Parasetamol ;002;syr 120 mg/5ml, btl 60 ml  ;1;btl;3220;3220;
0043;Parasetamol ;002;drop 120 mg/1 ml, btl 15 ml;1;btl;6720;6720;
0044;Parasetamol (nama dagang);002;drop 120 mg/1 ml, btl 15 ml;1;btl;18000;18000;
0045;Parasetamol (nama dagang);002;infus  10 mg/ml btl 100 ml;1;btl;64000;64000;
0046;Piroksikam ;002;tab 10 mg ktk 10 str@ 10 tab  ;100;tab;105;10500;
0047;Piroksikam ;002;kap 10 mg,ktk 12 str @ 10 kap ;120;tab;105;12600;
0048;Piroksikam ;002;tab 20 mg, ktk 10 str @ 10 tab ;100;tab;147;14700;
0049;Piroksikam ;002;tab 20 mg, ktk 12x10 kaplet ;120;kaplet;147;17640;
0050;Tramadol;002;tab 50 mg, ktk 5 str @ 10 tab ;50;tab;450,8;22540;
0051;Tramadol;002;kaps 50 mg, ktk 5 str @ 10 kaps ;50;kaps;462;23100;
0052;Tramadol;002;inj. 50 mg/mi, ktk 5 amp ;5;amp;8962,8;44814;
0053;Alopurinol  ;003;tab 100 mg, ktk 10 str @ 10 tab ;100;tab;184,8;18480;
0054;Alopurinol  ;003;tab 100 mg, btl 1000 tab ;1000;tab;122,5;122500;
0055;Alopurinol  ;003;tab 300 mg ktk 3 str @ 10 tab ;30;tab;343;10290;
0056;Kolkhisin ;003;tab 500 mcg, ktk 10 str @ 10 tab ;100;tab;339,73;33973;
0057;Bupivakain ;004;inj  4mg/ml ampul, ktk 5;5;amp;40205;201025;
0058;Etil klorida;004;semprot, btl 100 ml ;1;btl;101740;101740;
0059;Lidokain ;004;inj lidokain 2% (HCI) + epinefrin 1:80.000,ktk 30 vial @ 2 ml ;30;vial;1446,666667;43400;
0060;Lidokain ;004;inj p.v 2%(HCI), ktk 100 amp @ 2 ml ;100;amp;1295;129500;
0061;Lidokain Chlorhexidine 2HCl;004;tube 5 gram;1;tube;63000;63000;
0062;Enflurane  ;005;cairan i.h, btl 250 ml;250;ml;2772;693000;
0063;Halotan  ;005;cairan i.h, btl 50 ml;50;ml;4617,36;230868;
0064;Halotan  ;005;cairan i.h, btl 250 ml ;250;ml;4180;1045000;
0065;Isofluran;005;cairan i.h. btl 250 ml;250;ml;6552;1638000;
0066;Sevofluran;005;cairan i.h. btl 250 ml;250;ml;10417;2604250;
0067;Ketamin (nama dagang);005;inj i.v 50mg/ml (sebagai HCI), ktk 5 ampul @ 10 ml ;5;amp;127500;637500;
0068;Lidokain;005; inj infilr 2% amp 20 ml ;1;amp;45919;45919;
0069;Lidokain;005;jelly 2%  10 gr, PFS ;1;tube;42308;42308;
0070;Midazolam ;005;inj 5 mg/5 ml ampul ;1;amp;6820;6820;
0071;Midazolam ;005;inj 15 mg/3 ml ampul ;1;amp;15500;15500;
0072;Nitrogen Oksida  ;005;i.h, gas dlm tabung, 15 kg;39;jam;73333,33333;2860000;
0073;Oksigen ;005;i.h, gas dlm tabung ;9;jam;11000;99000;
0074;Propofol ;005;inj 1% amp 20 ml ;1;amp;80080;80080;
0075;Tiopental ;005;serb inj i.v 1000 mg/amp (garam Na) untuk dilarutkan dalam 20 ml air injeksi, amp 10 ml ;1;amp;84811;84811;
0076;Neostigmin (nama dagang);005;inj 0,5 mg/ml @ 5 amp;1;amp;15000;15000;
0077;Atropin  ;006;tab 0,5 mg (sulfat), btl 500 tab;500;tab;60;30000;
0078;Atropin  ;006;tab 0,5 mg, btl 100 tab ;100;tab;84;8400;
0079;Atropin  ;006;inj 0,25 mg/ml (sulfat), ktk 30 amp @ 1 ml ;30;amp;1540;46200;
0080;Diazepam ;006;tab 5 mg, btl 1000 tab ;1000;tab;56;56000;
0081;Diazepam ;006;tab 5 mg, btl 250 tab ;250;tab;56;14000;
0082;Diazepam ;006;tab 2 mg, btl 100 tab ;100;tab;36,4;3640;
0083;Diazepam ;006;inj 5 mg/ml, ktk 30 amp @ 2 ml;30;amp;3315,333333;99460;
0084;Morfin ;006;inj i.m / s.k / i.v 10 mg/mI (HCI /sulfat), ktk 10 amp @ 1 ml ;10;amp;14292;142919;
0085;Morfin ;006;tab 10 mg, btl 30 tab ;30;tab;1688,366667;50651;
0086;Diazepam ;006;inj 5mg/ml ktk 30 amp @ 2 ml;30;amp;3315,333333;99460;
0087;Diazepam ;006;rectal tube 5mg kotak 5 tube;5;tube;23760;118800;
0088;Diazepam ;006;rectal tube 10 mg kotak 5 tube;5;tube;43000;215000;
0089;Diazepam (nama dagang);006;inj 5mg/ml ktk 5 amp @ 2 ml;5;amp;14040;70200;
0090;Cetirizine ;007;tab 10 mg, ktk 3 str @ 10 tab ;30;tab;462;13860;
0091;Cetirizine ;007;tab 10mg, ktk5 str @ 10 tab  ;50;tab;438,9;21945;
0092;Deksametason ;007;inj 5mg/ml (sebagai natrium tosfat), ktk 100  amp @ 1 ml;100;amp;2492;249200;
0093;Deksametason ;007;tab 0,5mg ktk 10 str @ 10 tab ;100;tab;119;11900;
0094;Deksametason ;007;tab 0,5mg btl 1000 tab ;1000;tab;78,54;78540;
0095;Difenhidramin ;007;inj i.m 10 mg/ml (HCI), ktk 30 amp @ 1 ml;30;amp;1120;33600;
0096;Difenhidramin ;007;inj i.m 10 mg/mI (HCI), ktk 100 amp @ 1 ml  ;100;amp;625;62500;
0097;Epinefrine (adrenalin);007;inj s.k/i.m 0,1% (sebagai HCl/bitartrat), ktk 100 amp @ 1 ml;100;amp;450;45000;
0098;Epinefrine (adrenalin);007;inj s.k/i.m 0,1% (sebagai HCl/bitartrat), ktk 30 amp @ 1 ml;30;amp;1446,666667;43400;
0099;Klorfeniramin;007;tab 4 mg (maleat), btl 1000 tab;1000;tab;33,6;33600;
0100;Klorfeniramin;007;inj 5 mg/ml (maleat), ktk 100 amp  @ 1 ml;100;amp;7895;789500;
0101;Mebhidrolin ;007;Tablet 50 mg (napadisilat) ktk 100 tab ;100;tab;756;75600;
0102;Mebhidrolin ;007;sirup 60 ml,;1;btl;25650;25650;
0103;Atropin ;008;tab 0,5 mg (sulfat), btl 500 tab ;500;tab;60;30000;
0104;Atropin ;008;tab 0,5 mg, btl 100 tab;100;tab;84;8400;
0105;Atropin ;008;inj 0,25 mg/ml (sulfat), ktk 30 amp@1 ml;30;amp;1540;46200;
0106;Deferiprone ;008;tab 500 mg ;100;tab;35750;3575000;
0107;Deferoksamin mesilat ;008;serb inj 500 mg, vial 10 ml  ;10;vial;130791,5;1307915;
0108;Kalsium folinat ;008;tab 15 mg, btl 10 tab ;10;tab;534,2;5342;
0109;Kalsium folinat ;008;inj 50 mg/10 mI, 1 vial  ;1;vial;199100;199100;
0110;Kalsium glukonat;008;inj 100 mg/mI, ktk 24 amp @ 10 ml ;24;amp;7491,666667;179800;
0111;Natrium bikarbonat;008;tab 500 mg, btl 1000 tab ;1000;tab;20,02;20020;
0112;Natrium tiosulfat ;008;inj i.v 25%, ktk 10 amp @ 10 ml ;10;amp;3780;37800;
0113;Karbo adsorben;009;tab klg 1000 ;1000;tab;222;222000;
0114;Magnesium sulfat;009;serbuk, kantong 30 g, ktk 10 sase @ 30 g;10;sachet;1437,2;14372;
0115;Magnesium sulfat;009;inj (IV) 20% -25 ml, ktk 10 vial ;10;vial;2155,7;21557;
0116;Magnesium sulfat;009;inj (IV) 40%-25 ml, ktk 10 vial ;10;vial;2727,1;27271;
0117;Protaminsulfat ;009;inj. i.m 10 mg/mI  ;1;vial;27500;27500;
0118;Diazepam;010;inj 5 mg/mI, ktk 30 amp @ 2 ml  ;30;amp;3315,333333;99460;
0119;Diazepam;010;tab 5 mg,btl 1 000 tab;1000;tab;56;56000;
0120;Diazepam;010;tab 5 mg, klg/btl 250 tab;250;tab;56;14000;
0121;Diazepam;010;tab 2 mg, klg/btl 1000 tab;1000;tab;36,4;36400;
0122;Diazepam;010;Lar rectal 5 mg/2,5 ml, tube 2,5 ml;1;tube;26000;26000;
0123;Fenitoin;010;kaps 30 mg (garam Na), btl 250 kaps;250;kaps;102,256;25564;
0124;Fenitoin;010;kaps 100 mg (garam Na), btl 250 kaps;250;kaps;111,352;27838;
0125;Fenitoin;010;inj 50 mg/ml (garam Na), 10 amp @ 2 ml;10;amp;6771,5;67715;
0126;Fenobarbital;010;tab 30 mg, btl 1000 tab;1000;tab;43,4;43400;
0127;Fenobarbital;010;tab 100 mg, btl 250 tab;250;tab;178,02;44505;
0128;Fenobarbital;010;tab 100 mg, btl 1000 tab;1000;tab;61,6;61600;
0129;Fenobarbital;010;inj i.m / i.v 50 mg/ml (sebagai garam Na), ktk 30 amp @ 1 ml;30;amp;1820;54600;
0130;Fenobarbital (nama dagang);010;inj i.m / i.v 50 mg/ml (sebagai garam Na), ktk ;10;amp;9650;96500;
0131;Karbamazepin;010;tab 200 mg, ktk 10 str @ 10 tab ;100;tab;345,03;34503;
0132;Karbamazepin;010;tab 200 mg, btl 1000 tab;1000;tab;396,25;396250;
0133;Magnesium sulfat;010;inj i.v 20%, amp 25 ml;1;amp;21557;21557;
0134;Magnesium sulfat;010;inj i.v 40%, amp 25 ml;1;amp;27271;27271;
0135;Valproat ;010;tab 150 mg (garam Na), btl 50 tab ;50;tab;330,24;16512;
0136;Valproat ;010;tab 250 mg (garam Na), btl 50 tab ;50;tab;486,72;24336;
0137;Valproat (nama dagang);010;tab 250 mg (garam Na), btl 100 tab ;100;tab;5076;507600;
0138;Valproat (nama dagang);010;sir 250 mg/5 ml, btl 120 ml;1;ml;149445;149445;
0139;Fenitoin inj.;010;inj i.v. 50mg/ml ;1;amp;67715;67715;
0140;Fenitoin kap.;010;kap 30 mg. btl 250 cap;250;kaps;102,256;25564;
0141;Fenitoin kap.;010;kap 100 mg. btl 250 cap;250;kaps;111,352;27838;
0142;Albendazol ;011;tab 400 mg, ktk 5 str @ 6 tab ;30;tab;569,3333333;17080;
0143;Mebendazol ;011;tab 100 mg, ktk 5 str @ 6 tab ;30;tab;294;8820;
0144;Mebendazol ;011;tab 500 mg, ktk 10 str @ 10 tab ;100;tab;320,04;32004;
0145;Mebendazol ;011;syr 100 mg/ 5 ml, btl 30 ml  ;1;btl;4200;4200;
0146;Pirantel ;011;tab scored 125 mg (sebagai pamoat), ktk 25 str @ 4 tab scored ;100;tab;406;40600;
0147;Pirantel ;011;tab scored 125 mg (sebagai pamoat), ktk 30 str @ 2 tab scored;60;tab;434;26040;
0148;Pirantel ;011;susp 125 mg/ 5 ml (sebagai pamoat), btl 60;1;btl;4900;4900;
0149;Pirantel (nama dagang);011;tab 125 mg, sachet 4 tab;4;tab;2750;11000;
0150;Pirantel (nama dagang);011;tab 250 mg, sachet 2 tab;2;tab;5000;10000;
0151;Pirantel (nama dagang);011;syrup btl 10 ml;1;btl;12000;12000;
0152;Prazikuantel;011;tab scored 300 mg, btl 1000 tab scored;1000;tab;1075,746;1075746;
0153;Prazikuantel;011;tab scored 600 mg, btl 100 tab scored;100;tab;2240;224000;
0154;Dietilkarbamazin;012;tab 50 mg (sitrat), btl 1000 tab;1000;tab;312,5;312500;
0155;Dietilkarbamazin;012;tab 100 mg (sitrat), ktk 10 str @ 10 tab;100;tab;124,6;12460;
0156;Prazikuantel;013;tab scored 600 mg, btl 100 tab scored;100;tab;224;22400;
0157;Amoksisilin trihidrat ;014;tab scored 500 mg, ktk 10 str @ 10 tab scored ;100;tab;518;51800;
0158;Amoksisilin trihidrat ;014;kapsul 250 mg,  ktk 10 str @ 10 kapsul;100;kaps;383,18;38318;
0159;Amoksisilin trihidrat ;014;kapsul 250 mg, ktk 12 str @ 10 kapsul;120;kaps;275;33000;
0160;Amoksisilin trihidrat ;014;syr kering 125 mg/ 5 ml, btl 60 ml;1;ml;5180;5180;
0161;Amoksisilin trihidrat (nama dagang);014;serb inj 1000 mg, ktk 10 vial;10;vial;9240;92400;
0162;Ampisilin;014;kaplet 250 mg, ktk 10 str @ 10 kaplet;100;kaplet;333,2;33320;
0163;Ampisilin;014;kaplet 500 mg, ktk 10 str @ 10 kaplet;100;kaplet;533,4;53340;
0164;Ampisilin;014;syr kering 125 mg/ 5 ml, btl 60 ml;1;ml;5600;5600;
0165;Ampisilin;014;serb inj i.m / i.v 250 mg/vial (sebagai garam Na), ktk 10 vial @ 5 mL;10;vial;3812,5;38125;
0166;Ampisilin;014;serb inj i.m I i.v 500 mg/vial (sebagai garam Na), ktk 10 vial;10;vial;4200;42000;
0167;Ampisilin;014;serb inj i.m / i.v 1000 mg/vial (sebagai garam Na), ktk 10 vial;10;vial;6650;66500;
0168;Benzatin benzilpenisilin;014;inj 1,2 juta lU/vial, ktk 10 vial @20 mL;10;vial;10080;100800;
0169;Benzatin benzilpenisilin;014;inj 2,4 juta U/vial, ktk 10 vial @20 mL ;10;vial;14245;142450;
0170;Dikloksasilin;014;kaps 125 mg (sebagai garam Na), ktk 100 kaps;100;kaps;918,96;91896;
0171;Dikloksasilin;014;kaps 250 mg (sebagai garam Na),  ktk 25 str @ 4 kaps;100;kaps;441,81;44181;
0172;Dikloksasilin;014;tab scored 500 mg (sebagai garam Na) ktk 25 str @ 4 kapl;100;kaps;589,33;58933;
0173;Fenoksimetil penisilin (penisilin V);014;tab 250 mg (sebagai garam K), ktk 10 str @ 10 tab ;100;tab;327,6;32760;
0174;Fenoksimetil penisilin (penisilin V);014;tab 500 mg (sebagai garam K), ktk 10 str @ 10 tab ;100;tab;581;58100;
0175;Fenoksimetil penisilin (penisilin V);014;tab 500 mg (sebagai garam K), btl 1000 tab ;1000;tab;530;530000;
0176;Kombinasi Amoksisilin 500 mg dan Clavulanat 125 mg;014;kap 625 mg, 1 ktk 30 kaps;30;kaps;6776;203280;
0177;Prokain benzilpenisilin;014;serb inj i.m 3 juta IU/vial, ktk 100 vial;100;vial;5687,5;568750;
0178;Prokain benzilpenisilin;014;serb inj i.m 3 juta IU/vial, ktk 30 vial  @15 ml;30;vial;7840;235200;
0179;Sefadroksil;014;kaps 250 mg, ktk 10 str @ 10 kaps;100;kaps;623,07;62307;
0180;Sefadroksil;014;kaps 250 mg, ktk 3 str @ 10 kaps;30;kaps;623,1;18693;
0181;Sefadroksil;014;kaps 500 mg, ktk 5 str @ 10 kaps;50;kaps;980;49000;
0182;Sefadroksil;014;kaps 500 mg, ktk 10 str @ 10 kaps;100;kaps;980;98000;
0183;Sefadroksil;014;sirup kering 125 mg/ 5 ml, btl 60 ml;1;ml;10122;10122;
0184;Sefaklor;014;kaps 250 mg, ktk 3 str @ 10 kaps;30;kaps;1667,833333;50035;
0185;Sefaklor;014;kaps 500 mg, ktk 3 str @ 10 kaps;30;kaps;3057,7;91731;
0186;Sefaleksin;014;kaps 250 mg, ktk 5 str @ 10 kaps;50;kaps;909,58;45479;
0187;Sefaleksin;014;kaps 500 mg, ktk 5 str @ 10 kaps;50;kaps;1680;84000;
0188;Sefazolin;014;inj 1 g, ktk 2 vial;2;vial;31827,5;63655;
0189;Sefiksim;014;kaps 100 mg, ktk 5 str @ 10 kaps;50;kaps;3352,44;167622;
0190;Sefiksim;014;sirup kering 100 mg/ 5 ml, btl 30 ml;1;btl;42350;42350;
0191;Sefotaksim;014;inj 0,5 g, ktk 2 vial;2;vial;6075,5;12151;
0192;Sefotaksim;014;inj 1 g, ktk 2 vial;2;vial;10780;21560;
0193;Sefotaksim;014;serbuk inj 1 g/vial, ktk 1 vial;1;vial;10780;10780;
0194;Seftazidim;014;inj 1 g, ktk 2 vial;2;vial;52668;105336;
0195;Seftriakson;014;inj 1 g, ktk 2 vial;2;vial;13368,5;26737;
0196;Seftriakson;014;serbuk inj 1 g/vial, ktk 1 vial 10 ml;1;vial;13369;13369;
0197;Sefuroksim;014;serbuk inj 750 mg/vial, ktk 2 vial 10 ml;2;vial;14922,5;29845;
0198;Cefoperazon +Sulbaktam inj;014;serbuk inj 1 g/vial, ktk 1 vial 10 ml;1;vial;93000;93000;
0199;Doksisiklin ;015;kaps 100mg (sebagai hiklatIHCl),  ktk 10 str @ 10 kaps;100;kaps;322;32200;
0200;Oksitetrasiklin ;015;inj i.v  50 mg/mI (HCI), ktk 10 vial @ 10 ml;10;tube;4340;43400;
0201;Oksitetrasiklin ;015;salep mata 1 % (HCI) ktk 25 tube @ 3,5 g;25;tube;2688;67200;
0202;Oksitetrasiklin ;015;salep mata 1 % (HCI) tube 3,5 g ;1;tube;2940;2940;
0203;Oksitetrasiklin ;015;salep kulit 3 % tube 5 g;1;tube;2345;2345;
0204;Tetrasiklin ;015;kaps 250 mg (HCI), btl 1000 kaps;1000;kaps;212,8;212800;
0205;Tetrasiklin ;015;kaps 500 mg (HCI), ktk 10 str @ 10 kaps ;100;kaps;350;35000;
0206;Kloramfenikol ;016;kaps 250 mg, btl 1000 kaps    ;1000;kaps;287;287000;
0207;Kloramfenikol ;016;kaps 250 mg, ktk 12 str @ 10 kaps;120;kaps;344,1666667;41300;
0208;Kloramfenikol ;016;kaps 250 mg, btl 250 kaps;250;kaps;294;73500;
0209;Kloramfenikol ;016;salep mata 1 % tube 5 g;1;tube;2188;2188;
0210;Kloramfenikol ;016;susp 125 mg/ 5 ml (sebagai palmitat), btl 60 ml;1;btl;5600;5600;
0211;Kloramfenikol ;016;tetes mata 0,5 % btl 5 ml;1;btl;3500;3500;
0212;Kloramfenikol ;016;tetes telinga 3 % ktk 1 btl @ 5 ml;1;btl;1680;1680;
0213; Kloramfenikol ;016;serb inj i.v 1000 mg/mI (sebagai Na suksinat),  ktk 10 vial © 10 ml ;10;btl;9120;91200;
0214;Tiamfenikol;016;kaps 250 mg, ktk 10 str @ 10 kaps;100;kaps;420;42000;
0215; Tiamfenikol;016;kaps 500 mg, ktk 10 str @ 10 kaps;100;kaps;812;81200;
0216;Tiamfenikol (nama dagang);016;sirup btl 125 mg/5ml  ;1;btl;30000;30000;
0217;Kotrimoksazol DOEN I (dewasa) kombinasi:  sulfametoksazol 400 mg+ trimetoprim 80 mg ;017;tab, ktk 10 str @ 10 tab;100;tab;224;22400;
0218;Kotrimoksazol DOEN II (pediatrik) kombinasi  sulfametoksazol 100 mg + trimetoprim 20 mg ;017;tab, btl 100 tab;100;tab;98;9800;
0219;Kotrimoksazol suspensi komb : sulfametoksazol 200 mg + trimetoprim 40mg/5 ml ;017;btl 60 ml;1;btl;4900;4900;
0220;Sulfadiazin;017;tab 500 mg, btl 100 tab;100;tab;163,59;16359;
0221;Sulfametoksazol;017;tab 400 mg, ktk 10 str @ 10 tab;100;tab;411,41;41141;
0222;Trimetoprim ;017;tab scored 200 mg, btl100 tab scored;100;tab;131,67;13167;
0223;Eritromisin ;018;kaps 250 mg (sebagai stearat), ktk/btl 100 kaps;100;kaps;583,8;58380;
0224;Eritromisin ;018;kaps 250 mg (sebagai stearat), ktk 12str @ 10 kaps ;120;kaps;583,3333333;70000;
0225;Eritromisin ;018;kaps 500 mg (sebagai stearat), ktk 10 x 10 kaps ;100;kaps;994;99400;
0226;Eritromisin ;018;syr 200mg/5 ml (sebagai etil suksinat), btl 60 ml;1;btl;10500;10500;
0227;Klindamisin;018;kaps 150 mg, ktk5 str @ 10 kaps   ;50;kaps;714;35700;
0228;Klindamisin;018;kaps 150 mg, ktk 10 str @ 10 kaps;100;kaps;714;71400;
0229;Klindamisin;018;kaps 300 mg, ktk 5 str @ 10 kaps;50;kaps;1053,86;52693;
0230;Klindamisin;018;kaps 300 mg, ktk 10 x 10 kaps ;100;kaps;1053,85;105385;
0231;Linkomisin;018;kaps 250 mg, ktk 5 str @ 12 kaps    ;60;kaps;392,5333333;23552;
0232;Linkomisin;018;kaps 250 mg, ktk 10 str @ 10 kaps;100;kaps;388,89;38889;
0233;Linkomisin;018;kaps 500 mg, ktk 5 str @ 10 kaps;50;kaps;910;45500;
0234;Linkomisin;018;kaps 500 mg, ktk 5 str @ 12 kaps;60;kaps;910;54600;
0235;Spiramisin ;018;Tab 250 mg, ktk 5 str @10 tab;50;tab;952;47600;
0236;Spiramisin ;018;tab 500 mg, ktk 5 str @ 10 tab ;50;tab;1876;93800;
0237;Gentamisin;019;Inj 40 mg/mI (sebagai sulfat), ktk 10 amp @ 2 ml;10;amp;3000;30000;
0238;Gentamisin;019;inj 80 mg/mI (sebagai sulfat), ktk 1 vial 0 2 ml;1;vial;23520;23520;
0239;Gentamisin;019;Inj 80 mg/2 mL, ktk 5 amp;5;amp;3360;16800;
0240;Gentamisin;019;salep kulit 0,1%, ktk 10 tube @ 5 g;10;tube;2571,8;25718;
0241;Gentamisin;019;tetes mata 0,3 % btl 5 ml;1;btn;4620;4620;
0242;Levofloksasin;020;tab 500 mg, ktk 5 str @ 10 tab ;50;tab;1615,16;80758;
0243;Levofloksasin;020;inf 500 mg, ktk 1 btl;1;btl;88366;88366;
0244;Ofloksasin;020;tab 200 mg, ktk 5 str @ 10 tab  ;50;tab;826,14;41307;
0245;Ofloksasin;020;tab 400 mg, ktk 5 str @ 10 tab;50;tab;1222,2;61110;
0246;Siprofloksasin ;020;tab 250 mg, ktk 3 bls @ 10 tab;30;tab;350;10500;
0247;Siprofloksasin ;020;tab 250 mg, ktk 5 bls @ 10 tab;50;tab;350;17500;
0248;Siprofloksasin ;020; tab 250 mg, ktk 10 bls @ 10 tab;100;tab;350;35000;
0249;Siprofloksasin ;020;tab scored 500 mg (sebagai HCI), ktk 5 bls @ 10 tab scored;50;tab;336;16800;
0250;Siprofloksasin ;020;tab scored 500 mg (sebagai HCI), ktk 10 bls @ 10 tab scored ;100;tab;371;37100;
0251;Siprofloksasin ;020;tetes mata 0,3 % btl 10 ml;1;btl;5421;5421;
0252;Siprofloksasin ;020;infus 2 % btl 100 ml;1;btl;79800;79800;
0253;Sulfasalazin ;021;tab 500 mg, btl 500 tab ;500;tab;532,168;266084;
0254;Metronidazol;021;tab 250 mg, ktk/btl 100 tab ;100;tab;182;18200;
0255;Metronidazol;021;tab 250 mg, btl 1000 tab;1000;tab;100;100000;
0256;Metronidazol;021;tab 500 mg, ktk/btl 100 tab ;100;tab;266;26600;
0257;Metronidazol;021;tab 500 mg, btl 1000 tab;1000;tab;136,25;136250;
0258;Metronidazol;021;lar infus 5 mg/mI, btl 100 ml ;1;btl;41300;41300;
0259;Metronidazol (nama dagang);021;sup 500 mg, ktk 6 sup;6;sup;4840;29040;
0260;Dapson;022;tab scored 100 mg, btl 1000 tab scored;1000;tab;44,1;44100;
0261;Klofazimin (micronized);022;kaps dlm minyak 100 mg, btl 100 kaps;100;kaps;3071,99;307199;
0262;Rifampisin ;022;kaps 300 mg, ktk 10 str @ 10 kaps;100;kaps;560;56000;
0263;Rifampisin ;022;kaps 300 mg, ktk 12 str @ 10 kaps;120;kaps;539;64680;
0264;Rifampisin ;022;tab salut 450 mg ktk 10 x 10 tab salut;100;tab;770;77000;
0265;Rifampisin ;022;kapl 600 mg ktk 10 x 10 kapl ;100;kaplet;1085;108500;
0266;Etambutol;023;tab 250 mg (HCl), ktk/btl 100 tab;100;tab;464,4;46440;
0267;Etambutol;023;tab 250 mg (HCl), ktk 20 str @ 10 tab;200;tab;406;81200;
0268;Etambutol;023;tab 500 mg (HCl), ktk/btl 100 tab;100;tab;669,2;66920;
0269;Isoniazid ;023;tab 100 mg, btl 1000 tab;1000;tab;51,8;51800;
0270;Isoniazid ;023;tab 300 mg, btl 1000 tab;1000;tab;135,8;135800;
0276;Pirazinamid;023;tab 500 mg, btk/klg 100 tab;100;tab;308;30800;
0277;Rifampisin;023;tab scored 300 mg, ktk 10 str @ 10 tab;100;tab;400;40000;
0278;Rifampisin;023;kapsul 300 mg, ktk 10 str @ 10 kaps;100;kaps;560;56000;
0279;Rifampisin;023;kapsul 300 mg, ktk 12 str @ 10 kaps;120;kaps;539;64680;
0280;Rifampisin;023;tab 450 mg, ktk 10 str @ 10 tab;100;tab;770;77000;
0281;Rifampisin;023;tab 600 mg, ktk 10 str @ 10 tab;100;tab;1085;108500;
0282;Streptomisin;023;serb inj 1000 mg, ktk/vial (sebagai sulfat);1;vial;3188;3188;
0283;Streptomisin;023;serb inj 1500 mg/vial ( sebagai sulfat) ktk 30 vial @ 15 ml;1;vial;68550;68550;
0284;Streptomisin;023;serb inj 5000 mg/vial (sebagai sulfat ;1;vial;9850;9850;
0285;Kontrimoksazol  DOEN I (dewasa) kombinasi : sulfametoksazol 400,mg + trimetoprim 80 mg;024;tab, ktk 10 str @ 10 tab ;100;tab;160;16000;
0286;Nitrofurantoin;024;tab scored 100 mg, btl 100 tab scored;100;tab;86,52;8652;
0287;Trimetoprim;024;tab scored 200 mg, btl 100 tab scored;100;tab;131,67;13167;
0288;Asam pipemidat;024;tab 500 mg, ktk 10 str @ 10 tab;100;tab;4050;405000;
0289;Tamsulozin HCl;024;tab 0,2 mg, ktk 2 str @ 14 tab;28;tab;432,3214286;12105;
0290;Flukonazol;025;tab 150 mg, ktk 10 tab;10;tab;607;6070;
0291;Griseofulvin ;025;tablet 125 mg, ktk 10 str @ 10 tablet;100;tab;280;28000;
0292;Griseofulvin ;025;tab scored 250 mg, btl 100 tab scored;100;tab;599,79;59979;
0293;ltrakonazole;025;kaps 100 mg, ktk 3 str @ 10 tab ;30;kaps;2021,6;60648;
0294;Ketokonazol;025;tab 200 mg, ktk 5 str @ 10 tab;50;tab;520,8;26040;
0295;Ketokonazol;025;krim 2%, tube 15 g;1;tube;9800;9800;
0296;Ketokonazol;025;tab salut 500.000 IU/tab, klg 100 tab;100;tab;437,75;43775;
0297;Ketokonazol;025;tab salut 500.000 IU/g, ktk 10 str @10 tab;100;tab;576,35;57635;
0298;Ketokonazol;025;tab vagina 100.000 IU/g, ktk 10 str@ 10 tab ;100;btl;361,14;36114;
0299;Ketokonazol;025;susp. 100.000 IU/ml, btl 12 ml;1;btl;21250;21250;
0300;Nistatin;025;tab salut 500.000 IU/g, ktk 10 str @10 tab;100;tab;770;77000;
0301;Nistatin;025;susp. 100.000 IU/g,ktk 10 str @ 10 sup;100;tab;483;48300;
0302;Nistatin;025;drop 100.000 IU/ml, btl 12 ml;1;btl;35000;35000;
0303;Metronidazol;026;tab 250 mg, ktk/btl 100 tab;100;tab;182;18200;
0304;Metronidazol;026;tab 500 mg, ktk/btl 100 tab;100;tab;266;26600;
0305;Metronidazol;026;lar infus 5 mg/ml, btl 100 ml;1;btl;41300;41300;
0306;Metronidazol (nama dagang);026;sup 500 mg, ktk 6 sup;6;sup;4840;29040;
0307;Klorokuin;027;tab 150 mg (sebagai fosfat) btl 1000 tab;1000;tab;119;119000;
0308;Klorokuin;027;tab 250 mg, btl 1000 tab;1000;tab;147;147000;
0309;Antimalaria Doen Kombinasi: pirimetamin 25 mg+sulfaddoksin 500 mg;028;tab, ktk 10 x 10 tablet;100;tab;662,2;66220;
0310;Artemether;028;inj 80 mg/ml, ktk 6 amp @ 1 ml;6;amp;31033,33333;186200;
0311;Artesunate;028;inj 60 mg, kotak 8 vial;8;vial;19950;159600;
0312;Klorokuin;028;tab 150 mg (sebagai fosfat)btl 1000 tab;1000;tab;73,046;73046;
0313;Klorokuin;028;tab 250 mg, btl 1000 tab ;1000;tab;85;85000;
0314;ACT (artesunate/kombipak) + amodiakuin ;028;tab 50 ktk, 2 bls @ 12 tab mg + tab 200 mg;1;tab;46200;46200;
0315;Kuinin;028;tab 222 mg (H2SO4.7H2O), btl 1000 tab;1000;tab;508,2;508200;
0316;Kuinin;028;(kina) tab 200 mg, ktk 60 tablet;60;tab;816,6666667;49000;
0317;Kuinin;028;inj. i.v 25%-2ml (dihidroksida), ktk 30 amp;30;amp;14980;449400;
0318;Kuinin;028;inj i.v 25% (sebagai 2HCl) ktk 100 amp @ 2 ml;100;amp;3210;321000;
0319;Primakuin;028;tab 15 mg (sebagai fosfat), btl 1000 tab;1000;tab;142,52;142520;
0320;Lamivudin (3TC);029;tab 150 mg, btl 60 tab;60;tab;1773,333333;106400;
0321;Zidovudin;029;tab 100 mg, btl 60 tab;60;tab;1328,25;79695;
0322;Zidovudin 300 mg + Lamivudin 150 mg;029;tab, btl 60 tab;60;tab;4363,333333;261800;
0323;Nevirapin;030;tab 200 mg, btl 60 tab;60;tab;3657,5;219450;
0324;Asiklovir;031;tab scored 200 mg;1;tab;388;388;
0325;Asiklovir;031;tab 200 mg, ktk 3 str @ 10 tab;30;tab;679;20370;
0326;Asiklovir;031;tab 200 mg, ktk 5 str @ 10 tab;50;tab;746,9;37345;
0327;Asiklovir;031;tab 200 mg, ktk 10 str @ 10 tab;100;tab;513,45;51345;
0328;Asiklovir;031;tab scored 400 mg;1;tab;571;571;
0329;Asiklovir;031;tab 400 mg, ktk 3 str @ 10 tab;30;tab;1018,5;30555;
0330;Asiklovir;031;tab 400 mg, ktk 5 str @ 10 tab;50;tab;882,5;44125;
0331;Asiklovir;031;tab 400 mg, ktk 10 str @ 10 tab;100;tab;799,86;79986;
0332;Asiklovir;031;krim 5%, tube 5 gr ;1;tube;4410;4410;
0333;Dihidroergotamin;032;tab 2,5 mg (sebagai mesilat), ktk 10 str @ 10 tab ;100;tab;13506,25;1350625;
0334;Ergotamin;033;tab 1 mg (tartrat), btl 100 tab;100;tab;200;20000;
0335;Anti Migren : Ergotamin tartrat 1 mg + Kofein 50 mg;033;tab, btl 100 tab;100;tab;143,95;14395;
0336;Piracetam;034;tab 400 mg, ktk 10 str @ 10 tab;100;tab;702,24;70224;
0337;Piracetam;034;tab 800 mg, ktk 10 str @ 10 tab;100;tab;1232;123200;
0338;Piracetam;034;tab 1200 mg, ktk 10 str @ 10 tab;100;tab;1848;184800;
0339;Piracetam;034;inj 1 g/5 ml, ktk 10 ampul;10;amp;7700;77000;
0340;Piracetam;034;inj 3 g/14, ktk 4 ampul;4;amp;23947;95788;
0341;Piracetam;034;inf 12 g, ktk @ 1 btl;1;btl;94500;94500;
0342;sitikolin ;034;inj. 100 mg/2ml, amp;5;amp;14625;73125;
0343;sitikolin ;034;inj. 250 mg/2ml, amp;5;amp;18288;91440;
0344;sitikolin ;034;tab 500 mg;30;tab;5339,333333;160180;
0345;Tamoksifen;035;tab 20 mg (sebagai sitrat), btl 30 btl;30;tab;1826,5;54795;
0346;Testosterone;035;kaps lunak 40 mg (undekanoat) ktk 5 str @ 4 kaps lunak;20;kaps;7731,25;154625;
0347;Azatioprin;036;tab 50 mg, btl/ktk 100 tab;100;tab;293,27;29327;
0348;Siklosporin;036;kaps lunak 25 mg, btl 50 kaps;50;kaps;2449,78;122489;
0349;Asparaginase;037;Serb inj 10.000 IU/vial, ktk 1 vial;1;vial;525000;525000;
0350;Bleomisi;037;serb inj 15 mg/amp (sebagai HCl) ktk 1 amp;1;amp;357500;357500;
0351;Capesitabin;037;tab 500 mg;1;tab;28800;28800;
0352;Dacarbazin;037;inj 200 mg/20 ml, vial;1;vial;330110;330110;
0353;Doksorubisin;037;serb inj i.v. 10 mg/vial (HCl), ktk 1 vial @ 5 ml;1;vial;74688;74688;
0354;Doksorubisin;037;serb inj i.v. 50 mg/vial (HCl), ktk 1 vial @ 25 ml;1;vial;370000;370000;
0355;Etoposid;037;inj 20 mg/ml, ktk 10 amp @ 5 ml;10;amp;110000;1100000;
0356;Etoposid;037;kaps 100 mg, btl 10 kaps;10;kaps;6980,6;69806;
0357;Kalsium folinat (leukovorin, Ca);037;tab 15 mg, btl 10 tab ;10;tab;477;4770;
0358;Levamisol;037;tab 50 mg (Sebagai HCl) ktk 4 bls @ 9 tab;36;tab;78,94444444;2842;
0359;Levamisol;037;tab 50 mg, btl 25 tab;25;tab;118;2950;
0360;Merkaptopurin;037;tab 50 mg, btl 25 tab;25;tab;274,76;6869;
0361;Metotreksat;037;tab 2,5 mg (sebagai garam Na), btl 100 tab;100;tab;1218,75;121875;
0362;Metotreksat;037;serb inj 50 mg/vial (sebagai garam Na), ktk 1 vial;1;vial;46750;46750;
0363;Metotreksat;037;serb inj i.v/ i.m/i.t 5 mg/vial (sebagai garam Na), ktk 1 vial;1;vial;34788;34788;
0364;Paclitaxel;037;inj 30 mg/5 ml, 1 vial;1;vial;605000;605000;
0365;Sitarabin;037;serb inj i.m/i.v/s.k 100 mg, 1 vial;1;vial;62000;62000;
0366;Siklofosfamid;037;tab salut 50 mg, btl 28 tab;28;tab;3740;104720;
0367;Siklofosfamid;037;tab 50 mg, btl 50 tab;50;tab;2362,76;118138;
0368;Siklofosfamid;037;serb inj i.v 200 mg/vial, ktk 1 vial ;1;vial;96250;96250;
0369;Siklofosfamid;037;serb inj i.v 500 mg/vial, ktk 1 vial ;1;vial;220000;220000;
0370;Siklofosfamid;037;serb inj i.v 1000 mg/vial, ktk 1 vial ;1;vial;288750;288750;
0371;Sisiplatin;037;serb inj 10 mg/vial, ktk 10 vial ;10;vial;37500;375000;
0372;Sisiplatin;037;serb inj 50 mg/vial, ktk 100 vial ;100;vial;173250;1,73E+07;
0373;Vinsblastin;037;serb inj 10 mg/vial (sulfat), ktk 1 vial ;1;vial;280500;280500;
0374;Vinkristin;037;serb inj i.v. 1 mg/vial (sulfat), ktk 1 vial ;1;vial;82500;82500;
0375;Morfin;038;tab 10 mg (HCI /sulfat), btl 30 tab;30;tab;1688;50651;
0376;Morfin;038;inj.i.m/s.k / i.v 10 mg/mI(HCI /sulfat), ktk 10 amp @ 1 ml;10;Ampul;14292;142919;
0377;Morfin;038;tab 10 mg (HCI /sulfat), btl 30 tab ;30;Tablet;1688;50651;
0378;Morfin;038;tab 2 mg (HCl), btl 250 tab;250;tab;57,5;14375;
0379;Morfin;038;tab 2 mg (HCl), ktk 100 tab;100;tab;57,08;5708;
0380;Morfin;038;kaps, ktk 10 str @ 10 kaps;100;kaps;5123;512300;
0381;Asam folat;039;tab 1 mg, btl 100 tab;100;tab;67,2;6720;
0382;Asam folat;039;tab 1 mg, btl/klg 1000  tab;1000;tab;42,338;42338;
0383;Asam folat;039;tab 5 mg, btl 1000 tab;1000;tab;65,8;65800;
0384;Asam folat (nama dagang);039;tab 1 mg, ktk 10 str @ 10  tab;100;tab;150;15000;
0385;Besi II sulfat 7H2O;039;tab salut 300 mg, ktk 10 atr @ 10 tab;1000;tab;30,604;30604;
0386;Sianokobalamin (vitamin B12);039;inj 500 mcg/ml, ktk 100 amp @ 1 ml;100;amp;1358;135800;
0387;Sianokobalamin (vitamin B12);039;tab 50 mcg, btl 1000 tab;1000;tab;17,304;17304;
0388;Asam traneksamat;040;inj. 250 mg/5 ml, amp;1;amp;3000;3000;
0389;Asam traneksamat;040;inj. 500 mg/5 ml, amp;1;amp;6490;6490;
0390;Asam traneksamat;040;tab 500 mg;1;tab;1238;1238;
0391;Fitomenadion (vitamin K);040;tab salut 10 mg, btl 100 tab ;100;tab;952,87;95287;
0392;Fitomenadion (vitamin K);040;tab salut 10 mg, btl 1000 tab ;1000;tab;761,25;761250;
0393;Fitomenadion (vitamin K);040;inj 10 mg/ml, ktk 30 amp @ 1 ml;30;amp;2030;60900;
0394;Fitomenadion (vitamin K);040;inj 10 mg/ml, ktk 100 amp @ 1 ml;100;amp;2030;203000;
0395;Heparin, Na;040;inj i.v/s.k 5000 IU/ml, ktk 1 vial 5 ml;1;vial;31250;31250;
0396;Heparin, Na (nama dagang);040;inj i.v/s.k 5000 IU/ml, ktk 1 vial 5 ml;1;vial;55000;55000;
0397;Protamin Sulfat;040;inj 10 mg/ml;1;amp;27500;27500;
0398;Warfarin;040;tab 1 mg;1;tab;110;110;
0399;Warfarin;040;tab 2 mg;1;tab;200;200;
0400;Filgastrim khusus untuk mengatasi neutropenia;041;inj 30 mU, ktk 1 PFS 0,5 ml ;1;vial;396000;396000;
0401;Faktor VIII (konsentrat);042;serb inj 250 IU/vial + pelarut 10 ml ;1;vial;1233100;1233100;
0402;Fraksi protein plasma (termasuk fibrinogen);042;lar infus kadar protein 5%, btl 250 ml ;1;vial;1134856;1134856;
0403;Polygeline;042;lar inf koloidal 3,5%, btl 500 ml;1;btl;195075;195075;
0404;Dekstran 70;043;lar infus 6%, btl 500 ml;1;btl;49736;49736;
0405;Hydroxyl ethyl starch ;043;lar infus 6%, btl 500 ml;1;btl;64375;64375;
0406;Hydroxyl ethyl starch ;043;lar infus 10%, btl 500 ml;1;btl;93738;93738;
0407;Povidon iodida;044;lar infus 10%, btl 30 ml;1;btl;2800;2800;
0408;Povidon iodida;044;lar infus 10%, btl 60 ml;1;btl;4620;4620;
0409;Povidon iodida;044;lar infus 10%, btl 300 ml;1;btl;20300;20300;
0410;Povidon iodida;044;lar infus 10%, btl 1000 ml;1;btl;58800;58800;
0411;Etakridin (rivanol);045;lar infus 0,1%, btl 300 ml;1;btl;2520;2520;
0412;Anestetik lokal gigi DOEN kombinasi : lidokain HCl @% + epinefrin 1:80.000;046;inj. Ktk 30 vial @  2 ml ;30;vial;564,3666667;16931;
0413;Etil klorida;046;semprot 0,05-0,2 ml, btl 100 ml;1;btl;101740;101740;
0414;Eugenol;046;cairan, ktk 12 btl @ 10 ml;12;btl;3971,916667;47663;
0415;Fluor;046;tab 0,5 mg, btl 100 tab;100;btl;43,3;4330;
0416;Fluor;046;tab 1 mg, btl 100 tab;100;btl;50,64;5064;
0417;Gentian violet;046;lar 1%, btl 10 ml ;1;btl;563;563;
0418;Kalsium hidroksida;046;pasta, ktk 2 tube;2;tube;127954;255908;
0419;Klorfenol kamfer mentol (CHKM);046;cairan, btl 10 ml ;1;btl;60953;60953;
0420;Lidokain;046;inj 2% (HCl), ktk 100 amp @ 2 ml ;100;amp;925;92500;
0421;mummifying pasta;046;btl/ktk ;1;btl;172316;172316;
0422;Amalgama perak (silver alloy);047;serb 65-75%;1;btl;247500;247500;
0423;Glass lonomer ART (atraumatic restorative treatment);047;set/btl;1;btl;500000;500000;
0424;Pasta devitalisasi (non arsen);047;pasta, btl ;1;btl;486243;486243;
0425;Semen seng fosfat ;047;serb dan cairan, set 30 g btl 1 set ;1;btl;100824;100824;
0426;Serbuk dan cairan (bahan tumpatan sementara);047;lar dan serb, btl 100 g ;1;btl;8578;8578;
0427;Serbuk dan cairan (bahan tumpatan sementara);047;tab 5 mg (HCl), ktk/btk/klg 100 tab;100;tab;123,47;12347;
0428;Temporary Stopping Fletcher (Fletcher) serbuk dan cairan (bahan tumpatan sementara);047;tab 40 mg, btl 250 tab;250;tab;101,92;25480;
0429;Temporary Stopping Fletcher (Fletcher) serbuk dan cairan (bahan tumpatan sementara);047;tab 40 mg, ktk 10 str @ 10 tab ;100;tab;127,4;12740;
0430;Temporary Stopping Fletcher (Fletcher) serbuk dan cairan (bahan tumpatan sementara);047;tab 40 mg, ktk 20 str @ 10 tab ;200;tab;126;25200;
0431;Temporary Stopping Fletcher (Fletcher) serbuk dan cairan (bahan tumpatan sementara);047;inj.i.v/i.m 10 mg/ml, ktk 25 amp @ 2 ml;25;amp;2576;64400;
0432;Temporary Stopping Fletcher (Fletcher) serbuk dan cairan (bahan tumpatan sementara);047;tab 25 mg, btl 1000 tab;1000;tab;50,82;50820;
0433;Temporary Stopping Fletcher (Fletcher) serbuk dan cairan (bahan tumpatan sementara);047;lar infus 20%, btl 500 ml;1;btl;44375;44375;
0434;Temporary Stopping Fletcher (Fletcher) serbuk dan cairan (bahan tumpatan sementara);047;tab 25 mg, ktk 10 str @ 10 tab ;100;tab;484,92;48492;
0435;Temporary Stopping Fletcher (Fletcher) serbuk dan cairan (bahan tumpatan sementara);047;tab 100 mg, ktk 10 str @ 10 tab ;100;tab;1476,94;147694;
0436;Amilorida;048;tab 5 mg (HCl), ktk/btk/klg 100 tab;100;tab;123,47;12347;
0437;Furosemida;048;tab 40 mg, btl 250 tab;250;tab;101,92;25480;
0438;Furosemida;048;tab 40 mg, ktk 10 str @ 10 tab ;100;tab;127,4;12740;
0439;Furosemida;048;tab 40 mg, ktk 20 str @ 10 tab ;200;tab;126;25200;
0440;Furosemida;048;inj.i.v/i.m 10 mg/ml, ktk 25 amp @ 2 ml ;25;amp;2576;64400;
0441;Hidroklortiazid (HCT);048;tab 25 mg, btl 1000 tab;1000;tab;50,82;50820;
0442;Manitol ;048;lar infus 20%, btl 500 ml;1;btl;44375;44375;
0443;Spironolakton;048;tab 25 mg, ktk 10 str @ 10 tab ;100;tab;484,92;48492;
0444;Spironolakton;048;tab 100 mg, ktk 10 str @ 10 tab ;100;tab;1476,94;147694;
0445;Glibenklamida;049;tab 5 mg, ktk/btl 100 tab;100;tab;84;8400;
0446;Glimepiride;049;tab 1 mg, ktk 5 str @ 10 tab;50;tab;1216,12;60806;
0447;Glimepiride;049;tab 2 mg, ktk 5 str @ 10 tab;50;tab;2293,26;114663;
0448;Glimepiride;049;tab 3 mg, ktk 5 str @ 10 tab;50;tab;3127,16;156358;
0449;Glimepiride;049;tab 4 mg, ktk 5 str @ 10 tab;100;tab;2084,78;208478;
0450;Gliquidone;049;tab 30 mg, ktk 10 str @ 10 tab;100;tab;821,28;82128;
0451;Metformin;049;tab 500 mg, ktk/btl 100 tab;100;tab;231;23100;
0452;Metformin;049;tab 850 mg, ktk 10 x 10 tab;100;tab;462;46200;
0453;Glipizid;049;tab 5 mg, ktk 5 bls @ 20 tab;100;tab;925;92500;
0454;Glipizid;049;tab 5 mg, ktk 30 tab ;30;tab;420;12600;
0455;Gliclazid;049;tab 80 mg, ktk 10 x 10 tab;100;tab;340;34000;
0456;Insulin reguler;050;inj 40 IU/ml, vial 10 ml ;1;vial;121000;121000;
0457;Insulin reguler;050;inj 100 IU/ml, vial 10 ml;1;vial;256251;256251;
0458;Insulin intermediate;050;inj 40 IU/ml, vial 10 ml ;1;vial;121000;121000;
0459;Insulin intermediate;050;inj 100 IU/ml, vial 10 ml;1;vial;256251;256251;
0460;Bromocriptine (nama dagang);051;tab 2,5 mg;1;tab;3750;3750;
0461;Noretisteron;052;tab 5 mg, btl 30 tab ;30;tab;2343,766667;70313;
0462;Pil KB I : Kombinasi : levonorgestrel 150 mcg  + etinilestradiol 30 mcg;053;pil, 1 blister @ 21 tablet hormon dan 7 tablet placebo;1;tab;2475;2475;
0463;Pil KB II : Lynestrenol 0,5 mg;053;1 blister @  28 tablet hormon;1;tab;3919;3919;
0464;Pil KB III : Desogestrol 0,150 mcg + etinilestradiol 30 mcg;053;pil, 1 blister @ 21 tablet hormon dan 7 tablet placebo;1;tab;4469;4469;
0465;Medroksiprogesteron asetat;053;tab 10 mg ;1;tab;2253;2253;
0471;Klomifen;056;tab 50 mg (sitrat), btl 10 tab;10;tab;2347,2;23472;
0472;Larutan Lugol;057;btl 30 ml;1;btl;4375;4375;
0473;Natrium tiroksin;057;tab 0,1 mg, btl 50 tab;50;tab;960;48000;
0474;Propilitiourasil;057;tab 50 mg, btl 1000 tab;1000;tab;295,68;295680;
0475;Propilitiourasil;057;tab 100 mg, btl 100 tab;100;tab;419,4;41940;
0476;Deksametason ;058;tab 0,5 mg, btl 50 tab ;50;tab;602,16;30108;
0477;Deksametason ;058;tab 0,5 mg, ktk 10 x 10 tab ;100;tab;119;11900;
0478;Kalmetasone inj;058;inj 5 mg/ml (sebagai natrium fosfat), ktk 100 amp @ 1 ml;100;amp;2492;249200;
0479;Metil prednisolon ;058;tab 4 mg, ktk 100 tab ;100;tab;685,3;68530;
0480;Metil prednisolon ;058;tab 8 mg, ktk 10 str @ 10 tab ;100;tab;910;91000;
0481;Metil prednisolon ;058;tab 16 mg, ktk 3 str @ 10 tab ;30;tab;1820;54600;
0482;Metil prednisolon ;058;tab 16 mg, ktk 10 str @ 10 tab ;100;tab;1610;161000;
0483;Prednisolon (Transplantasi ginjal dan pasien glomerulonefritis);058;kapl 5 mg;1;kaplet;59;59;
0484;Prednison ;058;tab 5 mg, btl 1000 tab ;1000;tab;80,5;80500;
0485;Metil prednisolon inj 125 mg;058;inj ktk 1 vial;1;vial;40260;40260;
0486;Metil prednisolon inj 500 mg;058;ktk 1 vial;1;vial;129150;129150;
0487;Atenolol;059;tab 50 mg, ktk 10 str @ 10 tab;100;tab;377,71;37771;
0488;Atenolol;059;tab 100 mg, ktk 5 str @ 10 tab;50;tab;713,88;35694;
0489;Diltiazem HCl;059;tab 30 mg, ktk 10 str @ 10 tab;100;tab;212,28;21228;
0490;Diltiazem HCl;059;inj. 50 mg/amp (hanya untuk kondisi darurat) tab sublingual 5 mg, ktk 10 str@ 10 tab;100;amp;322,59;32259;
0491;Diltiazem HCl (nama dagang);059;inj 5 mg/ml/vial, ktk @ 1 vial;1;vial;95040;95040;
0492;Isosorbid dinitrat ;059;tab sublingual 5 mg, btl 100 tab;60;tab;189;11340;
0493;Isosorbid dinitrat ;059;inj 1 mg/ml;1;amp;60462;60462;
0494;Nitrogliserin;059;tab 10 mg (HCl), ktk/btl 100 tab;100;tab;72,38;7238;
0495;Propanolol;059;tab 10 mg (HCl), ktk/btl 100 tab;100;tab;108,7;10870;
0496;Propanolol;059;tab 40 mg (HCl), btl 100 tab ;100;tab;121;12100;
0497;Disopiramida;060;kaps 100 mg (fosfat), btl 100 kaps;100;kaps;330,86;33086;
0498;Epinefrin (adrenalin);060;inj 0,1% (sebagai bitartrat), ktk 100 amp @ 1 ml;100;amp;450;45000;
0499;Epinefrin (adrenalin);060;inj 0,1% (sebagai HCl), ktk 30 amp @ 1 ml;30;amp;1446,666667;43400;
0500;Epinefrin (adrenalin);060;tab 100 mg (sulfat), btl 1000 tab ;1000;tab;196,225;196225;
0501;Epinefrin (adrenalin);060;tab 200 mg  (sulfat) btl 100 tab ;100;tab;3767,25;376725;
0502;Epinefrin (adrenalin);060;tab 200 mg  (sulfat) ktk 10 x 10 tab ;100;tab;522,5;52250;
0503;Lidokain;060;inj. i.v. 2% (HCl), ktk 100 amp @ 2 ml ;100;amp;925;92500;
0504;Lisinopril;060;tab 5 mg, ktk 3 str @ 10 tab ;30;tab;469,0333333;14071;
0505;Lisinopril;060;tab 10 mg, ktk 3 str @ 10 tab ;30;tab;808,3;24249;
0506;Lisinopril;060;tab 20 mg, ktk 3 str @ 10 tab ;30;tab;1022,8;30684;
0507;Propanolol;060;tab 10 mg (HCl), btl 100 tab;100;tab;108,7;10870;
0508;Propanolol;060;tab 40 mg (HCl), btl 100 tab;100;tab;121;12100;
0509;Verapamil;060;tab 80 mg (HCl), ktk 10 str @ 10 tab;100;tab;493,01;49301;
0510;Verapamil;060;inj 2,5 mg/ml (HCl), ktk 10 amp@ 2 ml;10;amp;13750;137500;
0511;Amiodaron;060;tab 200 mg, ktk 30 tab;30;tab;6796;203880;
0512;Amiodaron;060;inj 150 mg/amp, ktk 6 amp @ 3 ml;6;amp;33975;203850;
0513;Amlodipin;061;tab 5 mg, ktk 3 str @ 10 tab;30;tab;1680;50400;
0514;Amlodipin;061;tab 10 mg, ktk 3 str @ 10 tab ;30;tab;2963,333333;88900;
0515;Atenolol;061;tab 50 mg, ktk 10 str @ 10 tab ;100;tab;377,71;37771;
0516;Atenolol;061;tab 100 mg, ktk 5 str @ 10 tab ;50;tab;713,88;35694;
0517;Bisoprolol;061;tab 5 mg, ktk 3 str @ 10 tab ;30;tab;3250,333333;97510;
0518;Hidroklorotiazida;061;tab 25 mg, btl 100 tab ;100;tab;22,5;2250;
0519;Hidroklorotiazida;061;tab 25 mg, btl 1000 tab ;1000;tab;50,82;50820;
0520;Kaptopril;061;tab scored 12,5 mg, ktk 10str @ 6 tab scored ;60;tab;128,3333333;7700;
0521;Kaptopril;061;tab scored 12,5 mg, ktk 10str @ 10 tab scored ;100;tab;126;12600;
0522;Kaptopril;061;tab scored 25 mg, ktk 10str @ 6 tab scored ;60;tab;200,7166667;12043;
0523;Kaptopril;061;tab scored 25 mg, ktk 10str @ 10 tab scored ;100;tab;192,85;19285;
0524;Kaptopril;061;tab 50 mg, ktk 10 str @ 10 tab ;100;tab;314,13;31413;
0525;Klonidin;061;inj i.m 0,15 mg/ml (HCl), ktk 1 amp 1 ml;1;amp;30625;30625;
0526;Klonidin;061;tab 0,15 mg, ktk 10 x 10 tab ;100;tab;287;28700;
0527;Lisinopril;061;tab 5 mg, ktk 3 str @ 10 tab ;30;tab;469,0333333;14071;
0528;Lisinopril;061;tab 10 mg, ktk 3 str @ 10 tab ;30;tab;808,3;24249;
0529;Lisinopril;061;tab 20 mg, ktk 3 str @ 10 tab ;30;tab;1022,8;30684;
0530;Losartan;061;tab 50 mg, ktk 3 str @ 10 tab ;30;tab;4200;126000;
0531;Metildopa;061;tab salut 250 mg, btl 100 tab;100;tab;381,21;38121;
0532;Nifedipin;061;tab 10 mg, ktk/btl 100 tab;100;tab;150,99;15099;
0533;Ramipril ;061;tab 2,5 mg, ktk 10 str @ 10 tab;100;tab;295,37;29537;
0534;Ramipril ;061;tab 5 mg, ktk 10 str @ 10 tab ;100;tab;506,66;50666;
0535;Reserpin ;061;tab 0,10 mg, btl 250 tab;250;tab;75,2;18800;
0536;Reserpin ;061;tab 0,10 mg, btl 1000 tab;1000;tab;88;88000;
0537;Reserpin ;061;tab 0,25 mg, btl 1000 tab;1000;tab;123,2;123200;
0538;Asam asetilsalisilat (asetosal);062;tab 80 mg, ktk 10 bls @  10 tab ;100;tab;123,75;12375;
0539;Asam asetilsalisilat (asetosal);062;tab 100 mg, ktk 10 x 10 tab ;100;tab;123,2;12320;
0540;Asam asetilsalisilat (nama dagang);062;tab 80 mg, ktk 10 bls @  10 tab ;100;tab;171;17100;
0541;Asam asetilsalisilat (nama dagang);062;tab 100 mg, ktk 10 x 10 tab ;1;tab;33100;33100;
0542;Pentoksifilin ;063;tab 400 mg, ktk 10 str @ 10 tab ;100;tab;1901,9;190190;
0543;Pentoksifilin ;063;inj. 300 mg/15 ml, ktk 10 vial ;10;vial;23275;232750;
0544;Streptokinase;063;serb inj 1,5 juta IU/vial;1;vial;3374870;3374870;
0545;Digoksin ;064;tab 0,0625 mg, btl 100 tab ;100;tab;87,93;8793;
0546;Digoksin ;064;tab 0,25 mg, ktk/btl 100 tab ;100;tab;173,6;17360;
0547;Digoksin ;064;inj 0,25 mg/ml;1;amp;21770;21770;
0548;Digoksin (nama dagang);064;inj 0,5 mg/amp, ktk 5 amp @ 2 ml;5;amp;36288;181440;
0549;Furosemida;064;tab 40 mg, btl 250 tab;250;tab;101,92;25480;
0550;Furosemida;064;tab 40 mg, ktk 10 x 10 tab;100;tab;127,4;12740;
0551;Furosemida;064;tab 40 mg, ktk 20 x 10 tab;200;tab;126;25200;
0552;Furosemida;064;inj i.v/i.m 10 mg/ml  ktk+E660 25 amp @ 2 ml;25;amp;2576;64400;
0553;Kaptopril;064;tab scored 12,5 mg, ktk 10 str @ 6 tab scored;60;tab;128,3333333;7700;
0554;Kaptopril;064;tab scored 12,5 mg, ktk 10 str @ 10 tab scored;100;tab;126;12600;
0555;Kaptopril;064;tab scored 25 mg, ktk 10 str @ 6 tab scored;60;tab;200,7166667;12043;
0556;Kaptopril;064;tab scored 25 mg, ktk 10 str @ 10 tab scored;100;tab;192,85;19285;
0557;Kaptopril;064;tab 50 mg, ktk 10 str @ 10 tab ;100;tab;314,13;31413;
0558;Dopamin;065;inj 40 mg/ml (HCl);1;vial;16225;16225;
0559;Dobutamin;065;inj 250 mg, vial;1;vial;43750;43750;
0560;Epinefrin (adrenalin);065;inj i.v. 0,1% (sebagai HCl/bitartrat), ktk 100 amp @ 1 ml;100;amp;450;45000;
0561;Epinefrin (adrenalin);065;inj 0,1% (sebagai HCl), ktk 30 amp @ 1 ml;30;amp;1446,666667;43400;
0562;Norepinefrin;065;inj 4 mg/4ml, ktk @ 5 amp;5;amp;70000;350000;
0563;Efedrin;066;inj 50 mg/ml (HCl);1;amp;10650;10650;
0564;Gemfibrozil;067;kaps 300 mg, ktk 12 str @ 10 kapsul;120;kaps;371,9;44628;
0565;Gemfibrozil;067;kaps 600 mg, ktk 10 str @ 10 kapsul;100;kaps;665,92;66592;
0566;Pravastatin ;067;tab 10 mg, ktk 3 str @ 10 tab ;30;tab;2286,9;68607;
0567;Pravastatin ;067;tab 20 mg, ktk 3 str @ 10 tab ;30;tab;3811,5;114345;
0568;Pravastatin ;067;tab 20 mg, ktk 5 str @ 10 tab ;50;tab;3811,5;190575;
0569;Simvastatin;067;tab 5 mg, ktk 3 str @ 10 tab ;30;tab;359,1;10773;
0570;Simvastatin;067;tab scored 10 mg, ktk 3 str @ 10 tab ;30;tab;718,2;21546;
0571;Simvastatin;067;tab scored 10 mg, ktk 5 str @ 10 tab ;50;tab;718,2;35910;
0572;Simvastatin;067;tab 20 mg, ktk 3 str @ 10 tab ;30;tab;1436,4;43092;
0573;Simvastatin;067;tab 20 mg, ktk 5 str @ 10 tab ;30;tab;2394;71820;
0574;Lotio Kummerfeldi;068;cairan, kemasan sesuai kebutuhan ;1;ml;7500;7500;
0575;Antibakteri DOEN salep kombinasi: basitrasin 500 IU/g + polimiksin B 10.000 IU/g;069;ktk 25 tube @ 5 g;25;tube;3523,52;88088;
0576;Framisetin;069;kassa setril 1% (sulfat), ktk 10 lembar;10;lembar;10800;108000;
0577;Gentamisin Sulfat;069;1 mg/g, tube 5 gr;1;tube;1850;1850;
0578;Gentian Violet larutan 1%;069;btl 10 ml;1;btl;563;563;
0579;Natrium fusidat;069;krim 20 mg/g, tube 5 g;1;tube;0;0;
0580;Oksitetrasiklin HCl;069;salep 3% tube 5 g;1;tube;2094;2094;
0581;Perak sufadiazin;069;krim 1%, pot 250 g;1;pot;41884;41884;
0582;Perak sufadiazin;069;krim 1%, pot 36 g;1;pot;46750;46750;
0583;Antifungsi DOEN kombinasi:asam benzoat 6% + asam salisilat 3%;070;ktk 24 pot @ 30 g;24;pot;2406,25;57750;
0584;Clobetazol (Lotasbat);070;krim 0,05%, tube 10 g;1;tube;16385;16385;
0585;Gentian Violet larutan 1%;070;lar 1%, btl 10 ml;1;btl;563;563;
0586;Mikonazol krim/salep 2% (nitrat);070;krim/salep 2% tube 10 g;1;tube;4200;4200;
0587;Betametason;071;tab 0,5 mg, ktk 10 str @ 10 tab;100;tab;97,96;9796;
0588;Betametason;071;krim  0,1% (sebagai valerat), tube 5 g;1;tube;2836;2836;
0589;Betametason;071;krim  0,1% ktk 25 tube @ 5 g;1;tube;65310;65310;
0590;Betametason;071;krim  0,1% (sebagai valerat), tube 10 g;1;tube;4125;4125;
0591;Hidrokortison ;071;krim 1% (asetat), tube 5 g;1;tube;3080;3080;
0592;Hidrokortison ;071;krim 2,5% (asetat), tube 5 g;1;tube;3955;3955;
0593;Hidrokortison ;071;krim 2,5% (asetat), ktk 24 tube @ 5 g;24;tube;3478,291667;83479;
0594;Momethasone ;071;krim 0,1%, tube 10 mg ;1;tube;31185;31185;
0595;(Mesone krim);071;krim 0,1%, tube 5 g;1;tube;19751;19751;
0596;Desoksimetason (Inerson krim);071;krim 0,25%, tube;1;tube;0;0;
0597;Betametason 0,5 mg  + Gentamisin 1 mg (Digenta);071;krim, tube 10 g;1;tube;0;0;
0598;Gameksan ;072;krim 1%, btl 30 ml;1;btl;3080;3080;
0599;Salep 2-4 kombinasi : asam salisilat 2% + belerang endap 4%;072;ktk 24 pot @ 30 g;24;pot;1536,458333;36875;
0600;Permetin (Scabimite krim);072;krim 5%, tube;1;tube;0;0;
0601;Asam salisilat ;073;salep 2%, pot 30 g;1;pot;3750;3750;
0602;Asam salisilat ;073;salep 5%, pot 30 g;1;pot;4375;4375;
0603;Urea (Moistderm);073;krim 10%, tube 20 g;1;tube;24750;24750;
0604;Bedak salisil ;074;serb 2%, ktk 50 g;1;pot;1100;1100;
0605;Bedak salisil ;074;serb 2%, ktk 100 g;1;pot;3438;3438;
0606;Liquor carbonis detergent (LCD);074;salep 2%, pot 30 g;1;pot;7500;7500;
0607;Liquor carbonis detergent (LCD);074;salep 5%, pot 30 g;1;pot;8125;8125;
0608;Liquor faberi;074;liquor;1;btl;6250;6250;
0609;Liquor faberi;074;liquor ditambah mentol 0,5%;1;btl;6250;6250;
0610;Liquor faberi;074;liquor ditambah mentol 0,1%;1;btl;5000;5000;
0611;Minyak Zaitun (Oleum Olivarum);074;btl 125 ml;0;btl;0;0;
0612;Dialisa peritoneal DOEN ;075;lar infus, 24 btl @ 1000 ml;1;btl;258000;258000;
0613;Garam oralit I komb : NaCl 0,7 g + KCl 0,3 g + trinatrium sitrat dihidrat 0,58 g + glukosa anhidrat 4 g ;076;ktk 100 sachet ;100;sachet;380;38000;
0614;Garam oralit I komb : NaCl 0,7 g + KCl 0,3 g + trinatrium sitrat dihidrat 0,58 g + glukosa anhidrat 4 g ;076;ktk 25 sachet ;25;sachet;401,04;10026;
0615;Human Albumin ;076;lar infus 20%, btl 50 ml;1;btl;440000;440000;
0616;Human Albumin ;076;lar infus 20%, btl 100ml;1;btl;900000;900000;
0617;Human Albumin ;076;lar infus 25%, btl 20 ml;1;btl;338000;338000;
0618;Kalium Klorida (nama dagang);076;tab siap larut 300 mg, btl 100 tab ;100;tab;1600;160000;
0619;Kalium Klorida (nama dagang);076;tab siap larut 600 mg, btl 100 tab;100;tab;3191;319100;
0620;Kalium Aspartat ;076;tab 300 mg 100 tab.;100;tab;2552;255200;
0621;Natrium bikarbonat ;076;tab 500 mg, btl 1000 tab;1000;tab;14,3;14300;
0622;Dekstran 70;077;lar infus 6%, btl 500 ml ;1;btl;44408;44408;
0623;Glukosa ;077;lar infus 5%, btl 500 ml ;1;btl;4776;4776;
0624;Glukosa ;077;lar infus 10%, btl 500 ml ;1;btl;5125;5125;
0625;Glukosa ;077;lar infus 40%, ktk 10 amp @ 25 ml ;1;amp;13000;13000;
0626;Glukosa ;077;lar infus 5%, btl 100 ml ;1;btl;5169;5169;
0627;Glukosa ;077;lar infus 5%, btl 1000 ml ;1;btl;8344;8344;
0628;Kalsium Glukonat ;077;inj i.v 10 %, ktk 24 amp @ 10 ml;24;amp;13309;319416;
0629;Kombinasi infus per Liter : Asam Amino ;077;lar infus, btl 250 ml ;1;btl;72000;72000;
0630;Larutan Nutrisi DOEN I, kombinasi : Asam amino 50 gr/l +D-Sorbitol 100 gr/L+Asam askorbat 0,4 gr/L+Inositol 0,5 gr/L+Nikotinamida (Niasinamida) 0,06 gr/L+Piridoksin HCl (vit. B6) 0,04 +Riboflavin Na-fosfat 2,5 mg/mlgr/l+Riboflavin Na-fosfat 2,5 mg/ml+Rutosid (Rutin) 0,4 gr/L+Mineral;077;lar infus, btl 500 ml ;1;btl;42000;42000;
0631;Larutan Nutrisi DOEN IV, kombinasi ;077;lar infus, btl 500 ml ;1;btl;10000;10000;
0632;Larutan Nutrisi DOEN V, kombinasi ;077;lar infus, btl 500 ml ;1;btl;10000;10000;
0633;Larutan Nutrisi DOEN VI, kombinasi ;077;lar infus, btl 500 ml ;1;btl;10000;10000;
0634;Natrium bikarbonat;077;inj i.v 8,4%, vial 25 ml;1;vial;10621;10621;
0635;Natrium bikarbonat;077;inj. i.v 8,4%, vial 100 ml;1;vial;22500;22500;
0636;Natrium klorida ;077;lar infus 0,9%, btl 500 ml;1;btl;4900;4900;
0637;Natrium klorida ;077;lar infus 3%;1;btl;12554;12554;
0638;Ringer laktat;077;lar infus, btl 500 ml ;1;btl;5200;5200;
0639;Panamin inj.(as. Amino esensial +sorbital ) Kidmin;077;;1;;56700;56700;
0640;Panamin inj.(as. Amino esensial +sorbital ) D5 1/2 NS;077;;1;;8613;8613;
0641;Panamin inj.(as. Amino esensial +sorbital ) D5 1/4 NS;077;;1;;11100;11100;
0642;Panamin inj.(as. Amino esensial +sorbital ) Titofusin;077;;1;;87750;87750;
0643;Air untuk injeksi ;078;ktk 10 vial @ 20 ml;10;vial;1775;17750;
0644;Air untuk injeksi ;078;ktk 1 amp/vial 25 ml;1;vial;20000;20000;
0645;Asetazolamida ;079;tab 250 mg ktk 100 tab;100;tab;248,67;24867;
0646;Asetazolamida (nama dagang);079;tab 250 mg ktk 100 tab;100;tab;3888;388800;
0647;Manitol ;079;lar infus 20%, btl 500 ml;1;btl;80495;80495;
0648;Retinol (vit A.);079;kaps lunak 50.000 IU, btl 1000 kaps;1000;kaps;224;224000;
0649;Retinol (vit A.);079;kaps lunak 100.000 IU, btl 50 kaps;50;kaps;364;18200;
0650;Retinol (vit A.);079;kaps lunak 200.000 IU, btl 50 kaps;50;kaps;588;29400;
0651;Tetrakain;080;tts mata 0,5% (HCl), ktk 24 btl @ 5 ml;24;btl;4755;114120;
0652;Amfoterisin;081;salep mata 3%, tube 3,5 g;1;tube;10625;10625;
0653;Gentamisin;081;salep mata 0,3%, tube 3,5 g;1;tube;3750;3750;
0654;Idoksuridin;081;tts mata  0,1%, btl 5 ml;1;btl;10419;10419;
0655;Oksitetrasiklin;081;Salep mata 1% (HCl), tube 3,5 g;1;tube;2100;2100;
0656;Sulfasetamid;081;Tetes mata 15% (Natrium), ktk 24 btl @ 5 ml;24;btl;4823,333333;115760;
0657;Kloramfenikol;081;Salep mata 1%, tube 3,5 g;1;tube;1563;1563;
0658;Kloramfenikol;081;Salep mata 1%, tube 5 g;1;tube;1954;1954;
0659;Kloramfenikol;081;tetes mata 0,5%, btl 5 ml;1;btl;2500;2500;
0660;Kloramfenikol;081;tetes mata 1%, btl 5 ml;1;btl;6250;6250;
0661;Ciprofloxacin;081;tts mata 0,3%, btl 10ml;1;btl;5421;5421;
0662;Ciprofloxacin (nama dagang);081;tts mata 0,3%, strip 1ml ;1;strip;25095;25095;
0663;Polimiksin sulfat + Neomisin sulfat + Deksametason +   Na fosfat ;081;Salep mata,;1;tube;44500;44500;
0664;Polimiksin sulfat + Neomisin sulfat + Deksametason +   Na fosfat ;081;tube 3,5 g;1;tube;30051;30051;
0665;Fluorometholon +Neomisin sulfat + Atropin;081;tetes mata, strip;1;tube;35269;35269;
0666;Fluorometholon +Neomisin sulfat + Atropin;081;tts mata 0,5% (sulfat), ktk 24 btl @ 5 ml;1;strip;84020;84020;
0667;Fluorometholon +Neomisin sulfat + Atropin;081;tts mata 0,5% (sulfat), btl @ 5 ml;1;btl;3781;3781;
0668;Fluorometholon +Neomisin sulfat + Atropin;081;tetes mata 1% (sulfat), btl 5 ml;1;btl;24500;24500;
0669;Homatropin;081;tts mata 2%, strip;1;strip;19300;19300;
0670;Natrium Fluoresein;081;tts mata 2%, ktk 24 btl @ 5 ml;1;btl;131902;131902;
0671;Tropikamida;081;tts mata 1%, strip;1;strip;38800;38800;
0672;Betaxolol;082;tetes mata 0,5%, btl 5 ml;1;btl;32200;32200;
0673;Pilokarpin;082;tts mata 2% (HCl/nitrat), btl 5 ml ;1;btl;7300;7300;
0674;Pilokarpin (nama dagang);082;;1;;24000;24000;
0675;Timolol (nama dagang);082;tts mata 0,25% (Maleat), btl 5 ml ;1;btl;39002;39002;
0676;Timolol (nama dagang);082;tts mata 0,5% (Maleat), btl 5 ml ;1;btl;61061;61061;
0677;Dinatrium edetat (EDTA t.m);083;tetes mata 0,35%, btl 5 ml;1;btl;19000;19000;
0678;Metilselulosa;083;lar 2%, strip ;1;strip;22699;22699;
0680;Zinc Sulfat + Vit A;083;Tts mata, strip ;1;strip;12176;12176;
0682;NaCl 4,4 mg + KCl 0,8 mg;083;Tts mata, strip;1;strip;23000;23000;
0683;Dextran 70 + Hydroksipropyl;083;Tts. Mata, btl 8 ml;1;btl;23540;23540;
0684;Hidrokortison Asetat ;083;tetes mata 1%, btl 5 ml ;1;btl;13400;13400;
0685;Natamycin;084;tts mata, strip;1;strip;64000;64000;
0686;Na-kromogikol;085;tetes mata 2%, strip;1;strip;21300;21300;
0687;Dglycerin anhidrous;086;tetes mata, btl 3 cc;1;btl;25000;25000;
0688;Potasium Yodida;087;tetes mata, 5 mg/ml, strip;1;strip;23499;23499;
0689;Potasium Yodida;087;tts mata, strip;1;strip;34000;34000;
0690;Na Fluoresence;088;tetes mata 2%, strip strip;1;strip;94216;94216;
0691;Fenil raksa asetat + as borat + nafa zoline ;089;tetes mata, btl 15 ml;1;btl;21500;21500;
0692;Fenil raksa asetat + as borat + nafa zoline + antazoline ;089;tetes mata, btl 15 ml;1;btl;28000;28000;
0693;Metilergometrin;090;tab salut 0,125 mg (maleat), ktk 10 x 10 tab;100;tab;153,94;15394;
0694;Metilergometrin;090;inj 0,200 mg/ml, ktk 100 amp @ 1 ml;100;amp;2000;200000;
0695;Metilergometrin;090;inj 0,200 mg/ml, ktk 30 amp @ 1 ml;30;amp;1913,333333;57400;
0696;Oksitosin;090;inj10 IUI/ml, ktk 100 amp @ 1 ml;100;amp;2625;262500;
0697;Oksitosin;090;inj10 IUI/ml, ktk 30 amp @ 1 ml;30;amp;2499;74970;
0698;Magnesium sulfat ;091;inj 20%, ktk 10 vial @ 20 ml ;10;vial;2217,5;22175;
0699;Magnesium sulfat ;091;inj 40%, ktk 10 vial @ 20 ml ;10;vial;2975;29750;
0700;Magnesium sulfat ;091;inj 20%, ktk 10 vial @ 25 ml ;10;vial;2155,7;21557;
0701;Magnesium sulfat ;091;inj 40%, ktk 10 vial @ 25 ml ;10;vial;2727,1;27271;
0702;Alprazolam;092;tab 0,25 mg, ktk 10 str @ 10 tab;100;tab;677,6;67760;
0703;Alprazolam;092;tab 0,5 mg, ktk 10 str @ 10 tab;100;tab;819;81900;
0704;Alprazolam;092;tab 1 mg, ktk 10 str @ 10 tab;100;tab;1260;126000;
0705;Clobazam ;092;tab 10 mg, ktk 10 str @ 10 tab;100;tab;1330;133000;
0706;Diazepam;092;tab 2 mg, klg 1000 tab;1000;tab;36,4;36400;
0707;Diazepam;092;tab 5 mg, klg 1000 tab;1000;tab;56;56000;
0708;Diazepam;092;tab 5 mg, klg 250 tab;250;tab;56;14000;
0709;Lorazepam 2 mg/Merlopam 2 mg;092;inj i.m 5 mg/ml, ktk 30 amp @ 2 ml ;30;amp;3315,333333;99460;
0710;Amitriptilin ;093;tab salut 25 mg (HCl), ktk 10 str @ 10 tab ;100;tab;161;16100;
0711;Litium Karbonat;093;tab 200 mg;1;tab;1375;1375;
0712;Klorpromazin HCl;093;tab salut 25 mg, btl 1000 tab ;1000;tab;50,82;50820;
0713;Klorpromazin HCl;093;tab salut 100 mg, btl 250 tab ;250;tab;161;40250;
0714;Klorpromazin HCl;093;inj 5 mg/ml, ktk 30 amp @ 2 ml ;30;amp;921,6666667;27650;
0715;Klorpromazin HCl;093;inj 25 mg/ml, ktk 30 amp @ 1 ml ;30;amp;1026,666667;30800;
0716;Klomipramin ;094;tab 25 mg (HCl), btl 1000 tab ;1000;tab;7625;7625000;
0717;Anatramil;094;;0;tab;0;0;
0718;Flufenazin;095;tab 2,5 mg (HCl), btl 100 tab ;100;tab;1437,5;143750;
0719;Haloperidol ;095;tab 0,5 mg, 10 str @ 10 tab ;100;tab;84,34;8434;
0720;Haloperidol ;095;tab 0,5 mg, btl 1000 tab ;1000;tab;62,5;62500;
0721;Haloperidol ;095;tab 1,5 mg, 10 str @ 10 tab ;100;tab;115,61;11561;
0722;Haloperidol ;095;tab 1,5 mg, btl 1000 tab ;1000;tab;100;100000;
0723;Haloperidol ;095;tab 2 mg, 10 str @ 10 tab ;100;tab;133,35;13335;
0724;Haloperidol ;095;tab 5 mg, 10 str @ 10 tab ;100;tab;171,21;17121;
0725;Haloperidol ;095;tab 5 mg, btl 1000 tab ;1000;tab;150;150000;
0726;Haloperidol ;095;inj i.m 5 mg/ml (sebagai dekanoat), ktk 5 amp @ 1 ml;5;amp;11275;56375;
0727;Klorpromazin ;095;tab salut 25 mg (HCl), btl 1000 tab ;1000;tab;50,82;50820;
0728;Klorpromazin ;095;tab salut 100 mg (HCl), btl 1000 tab ;1000;tab;161,7;161700;
0729;Klorpromazin ;095;tab salut 100 mg (HCl), btl 250 tab ;250;tab;161;40250;
0730;Klorpromazin ;095;inj i.m 25 mg/ml (HCl) ktk 100 amp @ 1 ml;100;amp;513,79;51379;
0731;Klorpromazin ;095;inj i.m 25 mg/ml (HCl) ktk 30 amp @ 2 ml;30;amp;1026,666667;30800;
0732;Klorpromazin ;095;inj i.m 5 mg/ml (HCl) ktk 30 amp @ 2 ml;30;amp;921,6666667;27650;
0733;Perfenazin;095;tab 4 mg (HCl), btl 10 x 10 tab;100;tab;59,37;5937;
0734;Perfenazin;095;tab 4 mg (HCl), btl 1000 tab;1000;tab;53,013;53013;
0735;Perfenazin;095;tab 2 mg (HCl), btl 15 x 10 tab;150;tab;58,76;8814;
0736;Perfenazin;095;tab 8 mg (HCl), btl 15 x 10 tab;150;tab;87,22;13083;
0737;Risperidon;095;tab 1 mg, ktk 2 str @ 10 tab;20;tab;2633,4;52668;
0738;Risperidon;095;tab 3 mg, ktk 2 str @ 10 tab;20;tab;3990;79800;
0739;Risperidon;095;tab 1 mg, ktk 5 str @ 10 tab;50;tab;2633,4;131670;
0740;Risperidon;095;tab 2 mg, ktk 5 str @ 10 tab;50;tab;3325;166250;
0741;Risperidon;095;tab 3 mg, ktk 5 str @ 10 tab;50;tab;3990;199500;
0742;Trifluoperazin;095;tab 1 mg, ktk 10 str @ 10 tab;100;tab;328,65;32865;
0743;Trifluoperazin;095;tab 5 mg, ktk 10 str @ 10 tab;100;tab;532;53200;
0744;Haloperidol inj (Haldol decanous );095;;0;;0;0;
0745;Aripiprazole 5 mg( ability 5 mg );095;;0;;0;0;
0746;Clozapine ( Clorilex ) 25 mg;095;;0;;0;0;
0747;Quetiapin 200 mg (serequel);095;;0;;0;0;
0748;Olanzapine 10 mg inj. /zyprexaraim;095;;0;;0;0;
0749;olanzapine cap. 5 mg /olandoz;095;;0;;0;0;
0750;Antasida DOEN I komb : al (OH)3 200 mg  + Mg (OH)2 200 mg;096;tab kunyah, btl 1000 tab ;1000;tab;38,165;38165;
0751;Antasida DOEN I komb : al (OH)3 200 mg  + Mg (OH)2 200 mg;096;ktk 10 str @ 10 tab ;100;tab;185;18500;
0752;Antasida DOEN II suspensi, kombinasi: Al (OH)3 200 mg/5ml + Mg (OH)2 200 mg/5 ml;096;susp, btl 60 ml;1;susp;5390;5390;
0753;Famotidine;096;tab 20 mg, ktk 5 str @ 10 tab ;50;tab;158,34;7917;
0754;Famotidine;096;tab 40 mg, ktk 5 str @ 10 tab ;50;tab;247,8;12390;
0755;Lanzoprazole;096;kaps 30 mg, ktk 2 str @ 10 kaps;20;kaps;2102,1;42042;
0756;Omeprazole;096;kaps 20 mg, btl 7 kapsul ;7;kaps;1077,142857;7540;
0757;Omeprazole;096;kaps 20 mg, ktk 3 str @ 10 kapsul ;30;kaps;571,6666667;17150;
0758;Pantoprazole;096;inj 40 mg/10 ml, ktk 1 vial;1;vial;81900;81900;
0759;Ranitidin ;096;tab 150 mg, ktk 10 x 10 tab;100;tab;294;29400;
0760;Ranitidin ;096;tab 150 mg, ktk 3 strip @ 10 tab;30;strip;294;8820;
0761;Ranitidin ;096;inj 25 mg/2 ml, ktk 25 amp;25;amp;3598,32;89958;
0762;Simetidin ;096;tab 200 mg, ktk 10 str @ 10 tab ;100;tab;147;14700;
0763;Betahistine mesilat ;097;tab 6 mg, ktk 3 str @ 10 tab;30;tab;1293,6;38808;
0764;Dimenhidrinat ;097;tab 50 mg, btl 1000 tab ;1000;tab;126,25;126250;
0765;Dimenhidrinat ;097;tab 50 mg, btl 100 tablet;100;tab;118,3;11830;
0766;Klorpromazin ;097;tab salut 25 mg (HCl), btl 1000 tab ;1000;tab;50,82;50820;
0767;Klorpromazin ;097;inj i.m 25 mg/ml (HCl), ktk 100 amp @ 1 ml;100;amp;513,79;51379;
0768;Klorpromazin ;097;inj i.m 25 mg/ml (HCl), ktk 30 amp @ 2 ml;30;amp;733,3333333;22000;
0769;Klorpromazin ;097;inj i.m 5 mg/ml (HCl), ktk 30 amp @ 2 ml;30;amp;658,3333333;19750;
0770;Loperamid;097;tab 2 mg, ktk 10 str @ 10 tab;100;tab;128,17;12817;
0771;Metoklopramid;097;tab 5 mg, (sebagai HCl),ktk 10 str @ 10 tab;100;tab;102,44;10244;
0772;Metoklopramid;097;tab 10 mg (sebagai HCl), ktk 10 str @ 10 tab;100;tab;129,5;12950;
0773;Metoklopramid;097;tab 10 mg (sebagai HCl), btl 1000 tab ;1000;tab;87,5;87500;
0774;Metoklopramid;097;inj 5 mg/ml (sebagai HCl), ktk 10 amp;10;amp;1400;14000;
0775;Metoklopramid;097;sir 5 mg/ml, btl 60 ml;1;btl;2940;2940;
0776;Ondansentron (khusus untuk pasca kemoterapi, radioterapi, dan bedah);097;inj. 4 mg/2 ml;1;amp;5625;5625;
0777;Ondansentron (khusus untuk pasca kemoterapi, radioterapi, dan bedah);097;inj. 8 mg/2 ml;1;amp;8750;8750;
0778;Antihemoroid DOEN kombinasi : bismut subgalat 150 mg + heksaklorofen 2,5 mg;098;sup, ktk 10 sup;10;sup;2800;28000;
0779;Anti hemoroide supp;098;;0;sup;0;0;
0780;Atropin;099;tab 0,5 mg (sulfat), btl  100 tab;100;tab;84;8400;
0781;Atropin;099;tab 0,5 mg, btl 500 tab;500;tab;60;30000;
0782;Atropin;099;inj i.m / i.v / s.k 1 mg/ml (sulfat), ktk 50 amp @ 1 ml;50;amp;1562,5;78125;
0783;Atropin;099;inj i.m / i.v / s.k 0,25 mg/ml (sulfat), ktk 30 amp @ 1 ml;30;amp;1540;46200;
0784;Cisapride;099;tab 5 mg, ktk 10 str @ 10 tab;100;tab;1097,25;109725;
0785;Cisapride;099;tab 10 mg, ktk 10 str @ 10 tab;100;tab;1901,9;190190;
0786;Domperidone;099;tab 10 mg, ktk 10 str @ 10 tab;100;tab;565,07;56507;
0787;Domperidone;099;susp 5 mg/5 ml, btl 60 ml;1;susp;17710;17710;
0788;Ekstrak Beladon;099;tab 10 mg, btl 1000;1000;tab;36,96;36960;
0789;Hyoscine-N-butil bromide;099;tab 10 mg, ktk 10 str @ 10 tab;100;tab;420;42000;
0790;Papaverine;099;tab 40 mg, btl 1000 tab;1000;tab;130,2;130200;
0791;Papaverine;099;inj 40 mg/ml, ktk 100 amp @ 1 ml;100;amp;742;74200;
0792;Garam oralit I komb: Nacl 0,7 g + KCl 0,3 g + trinatrium sitra dihidrat 0,58 g + glukosa anhidrat 4 g ;100;ktk 100 sachet;100;sachet;532;53200;
0793;Garam oralit I komb: Nacl 0,7 g + KCl 0,3 g + trinatrium sitra dihidrat 0,58 g + glukosa anhidrat 4 g ;100;ktk 25 sachet ;25;sachet;561,44;14036;
0794;Bisakodil;101;sup 5 mg, ktk 6 sup;6;sup;8062,5;48375;
0795;Bisakodil;101;sup 10 mg, ktk 6 sup;6;sup;8312,5;49875;
0796;Bisakodil (nama dagang);101;sup 5 mg, ktk 6 sup;6;sup;10526;63156;
0797;Bisakodil (nama dagang);101;sup 10 mg, ktk 6 sup;6;sup;9928;59568;
0798;Gliserin;101;cairan, btl 100 ml;1;btl;4730;4730;
0799;Laktulose (nama dagang);101;syr 60 ml, btl;1;btl;12410;12410;
0800;Neomisin;102;kaps 500 mg. ktk 10 x 10 kaps;100;kaps;316,5;31650;
0801;Sulfasalazin;103;tab 500 mg, btl 500 tab;500;tab;532,168;266084;
0802;Aminofilin;104;tab scored 150 mg, btl 100 tab scored;100;tab;387,63;38763;
0803;Aminofilin;104;tab scored 200 mg, btl 100 tab scored;100;tab;146,3;14630;
0804;Aminofilin;104;tab scored 200 mg, btl 1000 tab scored;1000;tab;118,3;118300;
0805;Aminofilin;104;inj 24 mg/ml, ktk 30 amp @ 10 ml;30;amp;3593,333333;107800;
0806;Deksametason;104;tab 0,5 mg, btl 1000 tab;1000;tab;78,54;78540;
0807;Deksametason;104;inj i.v 5  mg/ml (sebagai natrium fosfat), ktk  100 amp @ 1 ml;100;vial;2491;249100;
0808;Deksametason;104;tab 0,5 mg, 10 str @ 10 tab;100;tab;119;11900;
0809;Efedrin;104;tab 25 mg (HCl), klg 1000 tab;1000;tab;59,5;59500;
0810;Epinefrin (adrenalin);104;inj 0,1% (sebagai HCl/bitartrat), ktk 100 amp @ 1 ml;100;amp;450;45000;
0811;Epinefrin (adrenalin);104;inj 0,1% (sebagai HCl/bitartrat), ktk 30 amp @ 1 ml;30;amp;1446,666667;43400;
0812;Salbutamol;104;tab 2 mg (sebagai sulfat),  ktk 10 str @ 10 tab;100;tab;117,69;11769;
0813;Salbutamol;104;tab 2 mg (sebagai sulfat), btl 1000 tab;1000;tab;81,25;81250;
0814;Salbutamol;104;tab 4 mg (sebagai sulfat),  10 str @ 10 tab;100;tab;136,49;13649;
0815;Salbutamol;104;tab 4 mg (sebagai sulfat), btl 1000 tab;1000;tab;100;100000;
0816;Salbutamol;104;inh, (aerosol) 100 mcg/dosis (sebagai sulfat), tabung 200 dosis;200;tube;288,75;57750;
0817;Salbutamol;104;nebulizer ktk @ 10;10;ktk;9814;98140;
0818;Salbutamol + Ipatropium Br;104;nebulizer ktk @ 20;20;ktk;12678;253560;
0819;Terbutalin sulfat;104;tab 2,5 mg, ktk 5 str @ 10 tab;50;tab;97,38;4869;
0820;Teofilin;104;tab. 150 mg, ktk 100 tab;100;tab;67,95;6795;
0821;Dekstrometorfan;105;tab 15 mg (HBr), btl 1000 tab;1000;tab;49,896;49896;
0822;Dekstrometorfan;105;syr 10 mg/5 ml (HBr), btl 60 ml;1;btl;3780;3780;
0823;Dekstrometorfan;105;tab 15 mg (HBr), ktk 10 x 10 tab;100;tab;138,6;13860;
0824;Prometazin;105;tab 25 mg, ktk 100 tab;100;tab;70,21;7021;
0825;Kodein;105;tab 10 mg (HCl/fosfat), klg 1000 tab;1000;tab;429,95;429950;
0826;Sirop timi majemuk;105;cairan, btl 100 ml;1;btl;6250;6250;
0827;Ambroxol;106;tab 30 mg, ktk 10 str @ 10 tab;100;tab;158,58;15858;
0828;Ambroxol;106;sir 15 mg/ml, btl 60 ml;1;btl;4620;4620;
0829;Bromheksin;106;tab 8 mg, ktk 10 str @ 10 tab;100;tab;53,99;5399;
0830;Bromheksin (nama dagang);106;inj 4 mg/2 ml, ktk @ 10 amp;10;amp;4106,5;41065;
0831;Gliseril guaiakolat;106;tab 100 mg, btl 1000 tab;1000;tab;32,536;32536;
0832;Obat batuk hitam (OBH);106;cairan, btl 200 ml;1;btl;4200;4200;
0833;Obat batuk hitam (OBH);106;cairan, btl 100 ml;1;btl;2100;2100;
0834;Erdostein;106;sir kering 175 mg/5 ml, btl 60 ml;1;btl;38981;38981;
0835;"Serum anti bisa ular; ABU I (khusus ular dari luar Papua)";107;inj i.m / i.v, ktk 10 vial @ 5 ml;10;vial;365062;3650620;
0836;Serum antidifteri (A.D.S);107;inj i.m 20.000 IU/vial, ktk 10 vial;10;vial;241838,5;2418385;
0837;Serum antirabies;107;inj. 100 IU/ml, vial @ 20 ml;1;vial;1226373;1226373;
0838;Serum antitetanus (A.T.S);107;untuk pencegahan: inj i.m 1500 IU/amp, ktk 10 amp;10;amp;103950;1039500;
0839;Serum antitetanus (A.T.S);107;inj i.m / i.v 20.000 IU/vial, ktk 10 vial;10;vial;571354;5713540;
0840;Ig tetanus manusia (nama dagang);107;inj 250 IU/ml, ktk @ 1 amp;1;amp;200475;200475;
0844;Vaksin rabies vero, untuk manusia;108;1 kuur/set;1;set;385000;385000;
0848;Kloramfenikol;109;tts telinga 3%, btl 5 ml;1;btl;1680;1680;
0849;Kloramfenikol;109;tts telinga 3%, ktk 24 btl @ 5 ml;1;btl;40320;40320;
0850;Polimiksin sulfat Neomisin sulfat (Otopain t.t);109;Tts telinga;1;btl;41250;41250;
0851;Kombinasi : Framycetine Sulphate 5 mg + Gramicidin 0,05 mg + Deksametason 0,5 mg (Blecidex t.t);109;Tts telinga;1;btl;42776;42776;
0852;Fenol gliserol;110;tetes telinga 10%, ktk 24 btl @ 5 ml;24;btl;1008,333333;24200;
0853;Karbogliserin;110;tts telinga 10%, btl 5 ml;1;btl;1875;1875;
0854;Na dokusat (Forumen t.t.);110;tts telinga, btl 5 ml;1;btl;0;0;
0855;Kombinasi : Tripolidin + Pseudoefedrin HCl (Lapifed );111;Tablet;1;tab;1443;1443;
0856;Kombinasi : Tripolidin + Pseudoefedrin HCl (Lapifed );111;Syrup 60 ml;1;btl;19250;19250;
0857;Kombinasi : Paracetamol+Dekstrometorfan HBr+Gliseril Guayakolat+Fenilpropanolamin+Deksklorfeniramin+maleat (Demakolin tab);112;Tablet;1;tab;250;250;
0858;Asam askorbat (vit . C);113;tab 50 mg, btl 1000 tab;1000;tab;38,5;38500;
0859;Asam askorbat (vit . C);113;tab 100 mg, btl 500 tab;500;tab;56;28000;
0860;Asam askorbat (vit . C);113;tab 250 mg, btl 250 tab;250;tab;108;27000;
0861;Asam askorbat (vit . C);113;inj 200 mg/amp, ktk @ 10 amp;10;amp;7370;73700;
0862;Asam askorbat (vit . C) (merek dagang);113;inj 1000 mg/amp, ktk @ 5 amp;5;amp;27720;138600;
0863;Besi (II) sulfat 7 H2O tablet salut 300 mg;113;btl 1000 tablet salut;1000;tab;27,325;27325;
0864;Besi (II) sulfat 7 H2O tablet salut 200 mg + Asam Folat 0,25 mg tab (tablet tambah darah kombinasi);113;100 sase @ 30 tablet/sase;30;tab;2800;84000;
0865;Fitomenadion (Vit K);113;inj 10 mg/ml, ktk 30 amp;30;amp;2030;60900;
0866;Fitomenadion (Vit K);113;tab salut gula 10 mg, btl 100 tab;100;tab;952,87;95287;
0867;Fitomenadion (Vit K) (nama dagang);113;inj 10 mg/ml, ktk 5 amp;5;amp;13200;66000;
0868;Iodium;113;Kaps lunak, btl 100 kaps lunak;100;kaps;1302;130200;
0869;Kalsium glukonat;113;inj 100 mg/ml, ktk 24 amp @ 10 ml;24;amp;7203,75;172890;
0870;Kalsium karbonat;113;tab 500 mg, btl 100 tab;100;tab;54,03;5403;
0871;Kalsium laktat (kalk);113;tab 500 mg, btl 1000 tab;1000;tab;72,8;72800;
0872;Piridoksin (vit. B6);113;tab 10 mg (HCl), btl 1000 tab;1000;tab;20,02;20020;
0873;Piridoksin (vit. B6);113;tab 25 mg (HCl), btl 1000 tab;1000;tab;35;35000;
0874;Retinol (vit. A);113;tab 50.000 IU, btl 1000 tab;1000;tab;200;200000;
0875;Retinol (vit. A);113;Kaps lunak 200.000 IU , sebagai palmitat) btl 50 kaps lunak;50;kaps;420;21000;
0876;Retinol (vit. A);113;Kaps lunak 100.000 IU , sebagai palmitat) btl 50 kaps lunak;50;kaps;260;13000;
0877;Retinol (vit. A);113;tablet 6.000 IU;0;tab;0;0;
0878;Tiamin (vit B1);113;tab 50 mg (HCl/nitrat), btl 1000 tab;1000;tab;49,28;49280;
0879;Tiamin (vit B1);113;inj 100 mg/ml, ktk 30 amp @ 1 ml;30;amp;980;29400;
0880;Vitamin B kompleks Multivitamin, lutein, eks. Bilbery, lycopen dll (Retivit tab.);113;Tablet, klg 1000 tab;1000;tab;31,08;31080;
0881;Vitamin B1, B6, B12 (nama dagang.);113;tab, ktk 10 str @ 10 tab;100;tab;185;18500;
0882;Mekobalamin ;113;tab 500, ktk @ 30 tab;30;tab;945;28350;
0883;Mekobalamin ;113;inj 500 mcg/ml, ktk @ 5 amp;5;amp;10800;54000;
0884;Ioheksol;114;btl 100 ml;1;btl;492250;492250;
0885;Barium Sulfat;115;kemasan 10 kg;1;btl;1285000;1285000;
0886;Iopamidol;116;inj 0,612 g/ml, btl 50 ml;1;amp;275275;275275;
0887;Iopamidol;116;inj 0,612 g/ml, amp 30 ml;1;amp;153154;153154;
0888;Pankuronium;117;inj i.v 2 mg/ml (bromida), @ 10 amp;10;amp;47784;477840;
0889;Suksametonium (suksinil kolin HCl);117;;1;;34375;34375;
0890;Vekuronium;117;;1;;140423;140423;
0891;Succinilcholin;117;inj 200 mg/10 ml, ktk @ 5 amp;5;amp;144774;723870;
0892;Atracurium;117;inj 10 mg/ml, ktk 10 amp @ 2,5 ml;10;amp;25800;258000;
0893;Atracurium;117;inj 10 mg/ml, ktk 10 amp @ 5 ml;10;amp;51360;513600;
0894;Kalsium asetat;118;kap 500 mg;1;kaps;375;375;
0895;Potasium sitrat;118;kap 500 mg;1;kaps;363;363;
